:020000040800F2
:1000000090E90220B9020008373C0008E73B0008ED
:10001000353C00088D21000835450008000000002F
:100020000000000000000000000000005B3C000831
:10003000A923000800000000593C0008E13C00082A
:10004000D3020008D3020008D3020008D30200083C
:10005000D3020008D3020008AB230008D302000833
:10006000B9230008BF230008D3020008D302000808
:10007000D3020008D3020008D3020008D30200080C
:10008000D3020008D3020008D3020008D3020008FC
:10009000D3020008D3020008D3020008D3020008EC
:1000A000D3020008D3020008D3020008D3020008DC
:1000B000D3020008D3020008D3020008D3020008CC
:1000C000D3020008D3020008D3020008D3020008BC
:1000D000D3020008F1440008D3020008D30200084C
:1000E000B1230008D3020008D3020008D30200089D
:1000F000D3020008D3020008D3020008D30200088C
:10010000D3020008D3020008D3020008D30200087B
:10011000D3020008D3020008D3020008D30200086B
:1001200091210008D3020008D3020008D30200087E
:10013000D3020008D3020008D3020008D30200084B
:10014000D3020008D3020008D3020008D30200083B
:10015000D3020008D3020008D3020008D30200082B
:10016000D3020008D3020008D3020008D30200081B
:10017000D3020008D3020008D302000800000000E8
:10018000D3020008D3020008D3020008D3020008FB
:10019000D3020008D3020008D3020008D3020008EB
:1001A000D3020008D3020008D3020008D3020008DB
:1001B000D3020008D3020008D3020008D3020008CB
:1001C000D3020008D302000800000000D302000898
:1001D000D3020008D3020008D3020008D3020008AB
:1001E000D3020008D3020008D3020008D30200089B
:1001F000D3020008D302000800F002F800F04CF827
:100200000AA090E8000C82448344AAF10107DA4571
:1002100001D100F041F8AFF2090EBAE80F0013F077
:10022000010F18BFFB1A43F00103184700D5000067
:1002300020D50000103A24BF78C878C1FAD85207F8
:1002400024BF30C830C144BF04680C607047000050
:100250000023002400250026103A28BF78C1FBD8CF
:10026000520728BF30C148BF0B607047662904F0B1
:10027000E185692900F09E86002070471FB504F0D3
:10028000C3FD01F05DF904000020002104F0A6FD8B
:10029000E0601FBD10B510BD01F072FA1146FFF706
:1002A000EDFF04F079FB01F090FA03B4FFF7F2FFE1
:1002B00003BC04F0D1FA0000094880470948004710
:1002C000FEE7FEE7FEE7FEE7FEE7FEE7FEE7FEE706
:1002D000FEE7FEE704480549054A064B7047000063
:1002E000E53C0008F901000890E3022090E90220B3
:1002F00090E5022090E502209FED3E0A5FEA920C15
:1003000059D000BFD0ED000A90ED011A0B1D60EE30
:10031000A00A083041EE010AF5EEC00AF1EE10FA2B
:10032000A6BFB1EEE01A81ED001A81ED000AD0ED12
:10033000000A90ED011A00F1080160EEA00A181DF4
:1003400041EE010AF5EEC00AF1EE10FAA6BFB1EED9
:10035000E01A83ED001A83ED000AD1ED000A91ED59
:10036000011A031D60EEA00A083141EE010AF5EE04
:10037000C00AF1EE10FAA6BFB1EEE01A80ED001A45
:1003800080ED000AD1ED000A91ED011A081D60EE22
:10039000A00A191D001D41EE010AF5EEC00AF1EE9A
:1003A00010FAA6BFB1EEE01A83ED001A83ED000A41
:1003B000BCF1010CA6D112F0030208BF704700BFC8
:1003C000D0ED000A90ED011A08300B4660EEA00A4D
:1003D000091D41EE010AF5EEC00AF1EE10FAA6BFC2
:1003E000B1EEE01A83ED001A83ED000A521EE7D148
:1003F00070470000000000002DE9F04F00264FEA92
:10040000910C35462DED048B82B06446CDF804C0C6
:1004100006EB0C0909EB0C0808EB0C0700EBC60A0D
:1004200000EBC808DAED000A98ED001A00EBC909E4
:1004300000EBC70730EE810A70EEC12A9AED013A4F
:10044000D8ED014AD9ED011AD7ED013A99ED005ADC
:1004500097ED002A73EE240A31EEA34A35EE021A14
:1004600033EE643A71EEE34A4FEA450B35EE422A29
:100470000BEB050E30EE015A02EBCB0B70EE845AFB
:10048000DBED001ADBED013A30EE410A70EEC40AF2
:100490008AED005ACAED015A32EEA41A32EEE44A4D
:1004A00002EBC50A73EE422A20EE216A60EEA11A21
:1004B00032EE033ADAED004A60EEA30A9AED012A21
:1004C00060EE233A21EE240A62EEA44A02EBCE0B40
:1004D00062EE822A61EE026A9BED005ADBED015A60
:1004E00030EE220A23EE052A74EEE62A24EE051ADF
:1004F00023EE253A76EE204A24EE254A71EEE31AE1
:10050000C9ED004A71EE030AC9ED011A32EE441A30
:1005100088ED000AC8ED012AC7ED000A641E87EDC8
:10052000011A06F101061D447FF472AF019C4FF6DB
:10053000FF7505EA830B0094042C7CD90027E04664
:100540004FEA9C0CBA46ACF1010E7D00EC1902EBAF
:10055000C70302EBC50502EBC40493ED005A93ED0B
:10056000014AD5ED002AD5ED015AD4ED004AD4ED6B
:10057000013A5F444FEA0A0303EB0C0505EB0C0458
:1005800004EB0C0900EBC30600EBC40496ED001A63
:1005900094ED002A00EBC50500EBC90996ED013A80
:1005A00094ED016AD5ED007A99ED007A71EE421A68
:1005B00031EE022A33EE461A33EE066A37EE873AF8
:1005C00095ED010AD9ED010A77EEC76A72EE437A1A
:1005D00030EE607A30EE200A72EE038A434471EE08
:1005E000870A31EEC77A71EE661A36EE811A76EE18
:1005F000406A76EE009A21EE852A20EE850A61EEA9
:10060000841A20EE846A67EEA20A26EEA23A27EE4A
:10061000249A21EE248AC6ED008A8B4266EEA56AF2
:1006200067EEA57A21EE231A27EE237AC6ED019A0A
:1006300030EE210A00E026E072EE461A70EEA60ABD
:1006400033EE672A39EE011AC5ED000A85ED012A5D
:1006500038EE473A84ED000AC4ED011A89ED001A1C
:1006600089ED013A88D30AF1010AF2457FF66DAFB0
:10067000009B9B080093009C4FF6FF7303EA8B0BD3
:10068000042C3FF65BAF0199D0ED002A90ED041ADF
:10069000D0ED010A90ED054A72EE811AD0ED023AD2
:1006A00090ED063A72EEC12A30EE841A90ED030AFC
:1006B00090ED072A70EEC40A33EE834A73EEC33A14
:1006C00030EE023A30EE420A31EE842A71EEC44A2C
:1006D00071EE031A31EE433A80ED002A32EE801AB1
:1006E000C0ED011A30EEE34AC0ED024A72EEC02AB4
:1006F00080ED033A33EEA00A80ED041A80ED054A3E
:10070000C0ED062A80ED070A491E00F12000BBD18A
:1007100002B0BDEC048BBDE8F08F2DE9F04F002650
:100720004FEA910C35462DED068B82B06446CDF82C
:1007300004C000BF06EB0C0808EB0C0909EB0C0722
:1007400000EBC80800EBC70700EBC60A00EBC909BD
:10075000DAED000A99ED001ADAED015A99ED013A45
:1007600030EE815A98ED002AD8ED013A30EEC11AE8
:10077000D7ED002AD7ED014A75EE830A72EE221AF0
:1007800033EEA44A4FEA450B35EEC33A0BEB050EA8
:1007900072EE622A73EEE44A02EBCB0B30EE846A0F
:1007A00075EE215A9BED002ADBED013A30EEC44A8A
:1007B00075EE611ACAED005A8AED016A71EE640A9B
:1007C00061EE826A24EE022A31EE241A24EE234AD4
:1007D00073EE224A02EBC50A61EEA33A33EE623AA7
:1007E000DAED002ADAED015A02EBCE0B60EEA21A26
:1007F00064EEA22A64EEA54A9BED005A9BED016AC5
:1008000060EEA55A61EE050A23EE055A23EE063A7C
:1008100036EEC44A21EE061A32EE232A71EEE41AAD
:1008200072EEA52A88ED004A70EEC30A88ED012A0F
:1008300035EE011AC9ED001AC9ED012AC7ED000A0B
:10084000641E87ED011A06F101061D447FF472AFA4
:10085000019C4FF6FF7505EA830B0094042C7CD9AC
:100860000027E0464FEA9C0CBA46ACF1010E7D0031
:10087000EC1902EBC70302EBC50502EBC404D3ED90
:10088000005A93ED015A95ED002AD5ED014AD4EDB9
:10089000002A94ED016A5F444FEA0A0303EB0C055A
:1008A00005EB0C0404EB0C0900EBC30600EBC404DD
:1008B00096ED007A94ED001A96ED014A94ED013A16
:1008C00000EBC50500EBC90977EE413AD5ED001AFA
:1008D000D9ED007A37EE011A34EE437A34EE033A5A
:1008E00031EEE74AD5ED010AD9ED016A71EEA71A9A
:1008F00037EE448A70EEE67A70EEA66A71EE218ACF
:1009000028EE229A73EEE70A73EEA77A77EE043A9E
:1009100033EE26AA31EE617A33EE664A20EEA51A4E
:1009200023EE853A63EEA51A60EE856A67EE020A49
:1009300064EE023A67EEA29AC6ED008A43448B4207
:1009400024EE244A27EE247A28EE068A67EE867A79
:1009500086ED01AA31EE431A00E026E070EEC40AEB
:1009600033EE873A71EEA61AC5ED000A79EEC83A61
:1009700085ED013A39EE274A84ED001AC4ED011ADB
:10098000C9ED003A89ED014A88D30AF1010AF2451E
:100990007FF66DAF009B9B080093009C4FF6FF73A2
:1009A00003EA8B0B042C3FF65BAF0199D0ED000AF4
:1009B000D0ED042A90ED012A90ED054A70EEA23A9E
:1009C00090ED021AD0ED064A70EEE20A72EE042AA9
:1009D000D0ED031A90ED073A32EE442A31EE244A64
:1009E00031EE641A71EE834A71EEC31A33EE843A23
:1009F00073EEC43A32EEA44A72EEE42A70EEE14A93
:100A000070EEA11A72EE010A32EE415A23EE001A7C
:100A100024EE002A23EE803A62EE802A80ED001A4E
:100A200064EE803A80ED012A60EE800A80ED023AA1
:100A300021EE804AC0ED032A65EE001AC0ED043AAB
:100A4000C0ED050A80ED064AC0ED071A491E00F107
:100A50002000ABD102B0BDEC068BBDE8F08F70B5C5
:100A6000044680780D4601282188A38962680ED04B
:100A70002846FFF7C1FCE078012818BF70BDE28965
:100A800028462188A368BDE8704000F067B994ED5E
:100A9000040A2846FFF741FEEDE7000082700022BD
:100AA000C370B1F5807F234B0180436023D004DC09
:100AB000102934D0402928D005E0B1F5806F10D03E
:100AC000B1F5805F03D04FF0FF32104670471B4BEB
:100AD00001219FED190A836080ED040A8181C181A3
:100AE000F3E7174B042181819FED160A8360C181D2
:100AF00080ED040AE9E7144B102181819FED130A70
:100B00008360C18180ED040ADFE7114B40218181C0
:100B10009FED100A8360C18180ED040AD5E70E4B7A
:100B20004FF4807181819FED0D0A8360C18180ED5A
:100B3000040ACAE75856000800008039584E0008D9
:100B40005E4E00080000803A764E00080000803BB0
:100B5000D64E00080000803C565000080000803D42
:100B6000F0B44F1E002590ED000ABE082C4600F19F
:100B7000040C2ED0DCED000A9CED011A0CF10800EB
:100B8000B4EEE00AF1EE10FA3CBF6C1CB0EE600A65
:100B9000B4EEC10AF1EE10FAF0EC010A3CBFAC1C55
:100BA000B0EE410AB4EEE00A00F1040CF1EE10FAE6
:100BB00090ED001A3CBFEC1CB0EE600AB4EEC10A26
:100BC000F1EE10FA3CBF2C1DB0EE410A2D1D761E31
:100BD000D0D117F0030017D0B0F1004F19D2002880
:100BE000C4BF002506460FDDDCED000AF4EEC00AA6
:100BF000F1EE10FA03DD4C19241AB0EE600A6D1CF8
:100C0000761E0CF1040CEFD182ED000A1C60F0BCE2
:100C10007047FCEC010AB4EEE00AF1EE10FA3CBFBA
:100C20000C1AB0EE600A401EF3D1EDE74DF8044D0A
:100C30009FED493A0129F0EE430AB0EE600A5FD019
:100C40008B0825D0B3F1004F5FD2002BC4BF844680
:100C50001C461DDDDCED001A9CED011ADCED022ABC
:100C600001EEA10A71EEA00A9CED032A641E0CF1AC
:100C7000100C71EE200A01EE010A72EEA00A02EEDB
:100C8000A20A72EE200A02EE020AE3D100EB031080
:100C900011F003030CD0B3F1004F54D2002B07DD49
:100CA000B0EC011A5B1E01EE010A70EE810AF7D169
:100CB00001EE101AF7EE001AF8EE412AF8EE413A6A
:100CC000B8EE412AB8EE414A80EEA21A73EEE10A6C
:100CD00074EE612AC2EE201AC0EE220A21EE010A49
:100CE00021EE800A30EEC00AB5EEC00AF1EE10FA2D
:100CF000A1BFF1EEC00AC2ED000A5DF8044B7047D7
:100D000082ED003A5DF8044B704790ED001A01EE59
:100D1000010A30EE811AD0ED010A08305B1E31EE77
:100D2000201A00EEA00AD0ED000A00EEA00A71EE33
:100D3000200A90ED011A00F1080070EE810A01EE20
:100D4000010AE2D1A4E7B0EC011A5B1E01EE010A30
:100D500070EE810AF7D1ABE7000000002DE9F00743
:100D60004FF0010C0CEB51094FF0000C4FEA510809
:100D70006146A8F1020A2DE061452BD200EBCC04BC
:100D800000EBC105D4ED000A95ED000AC5ED000A9F
:100D900084ED000AD4ED010A0CEB090695ED010A79
:100DA00001EB0907C5ED010A00EBC60684ED010A57
:100DB00000EBC707D6ED000A97ED000AC7ED000A61
:100DC00086ED000AD6ED010A97ED010AC7ED010A8A
:100DD00086ED010AC44400EBC10400EBCC0C94ED99
:100DE000020ADCED000A891CC4ED020A8CED000A3F
:100DF000DCED010A94ED030AC4ED030A8CED010A4F
:100E000089B2B3F800C0514503EB4203B4D9BDE841
:100E1000F00770472DE9F04F4FF0010C0CEB510932
:100E20004FF0000C4FEA51086146A8F1020A25E094
:100E3000614523D200EBC10600EBCC0501EB0907AD
:100E4000D6F800E00CEB0904D5F800B000EBC707BA
:100E5000C6F800B000EBC404C5F800E0D6F804E022
:100E6000D5F804B0C6F804B0C5F804E03D682668BB
:100E70003E6025607D6866687E606560C44400EB06
:100E8000C10400EBCC0C891CA5685145DCF800605E
:100E9000A660CCF80050E668DCF80450E560CCF8B9
:100EA0000460B3F800C003EB4203C1D9BDE8F08F82
:100EB0002DE9F00F4F084FF0010C0CEB51084FF0EB
:100EC000000C7C0804BFBDE8F00F704700EB8805FC
:100ED0000146002615E000BFBCEB460F11D950F8C3
:100EE0002CB00CEB0809D1F800A0C1F800B040F814
:100EF0002CA050F829B0D5F800A0C5F800B040F8F3
:100F000029A0BC44D1F8049005F1080506F10106BA
:100F100050F82CA0C1F804A0083140F82C90B3F888
:100F200000C0641E03EB4203D6D1BDE8F00F70474A
:100F3000704700000FB4044910B503AA029800F0EE
:100F4000EDFA10BC5DF814FB400002202DE9F041E1
:100F50000E460446002020622046E168884730B3F0
:100F6000252805D0D4E901219047206A401CF2E7EA
:100F7000E168204600278847050018D0A5F1410008
:100F8000192802D820354FF40067324629462046FA
:100F90002760FFF76BF940B1012804D0F61D26F059
:100FA00007060836D8E7361DD6E72846DAE7206A6E
:100FB000BDE8F0812DE9F04106460024106875294E
:100FC000314616A510D0AFF30080002802DA404267
:100FD00013A507E031688A0701D512A502E0490789
:100FE00004D511A5012401E0AFF3008000210A22FD
:100FF00006F1240709E0B0FBF2FCB0FBF2F302FBC0
:101000001C00303078541846491C0028F3D1234680
:101010002A463046BDE8F04100F017B80000000055
:101020002D0000002B0000002000000070477047DA
:101030007047704710B500F087FA006810BD10B512
:10104000044600F081FA046010BD2DE9F0470D461A
:1010500099469246044600F124080168880604D5A2
:10106000E06921F01001216000E00120A84201DDCB
:10107000471B00E00027A1697A1902EB0900081A52
:10108000A0612078C00602D42046AFF3008000267D
:1010900008E0D4E901211AF806009047206A401CB4
:1010A000761C20624E45F4DB2078C0060AD5204627
:1010B000AFF3008006E0D4E9012130209047206A98
:1010C000401C2062381EA7F10107F4DC07E0D4E9D8
:1010D000012118F805009047206A401C2062281E54
:1010E000A5F10105F3DC2046AFF30080207800066F
:1010F00002D50220BDE8F0870120FBE770472DE90B
:10110000FF4F0C461E464FF0FF378BB0D2E900016F
:10111000DDF860800A908A46C1F30A5505B93D465C
:101120000021084603F076FEBAF1000F00F44000FB
:1011300005DA00EB80004FF4400101EA50004FEA6D
:101140009059B9F1010F00DDB9460A9850EA4A00FA
:101150000ED044F61050A5F2FF3545432F14B8F1D8
:10116000000F1ED07542291E1EDDC9F100021CE0D1
:10117000B8F1010F4FF0000001D0302103E0F2433D
:1011800005E02154401CB042FBDB30460022002128
:1011900021540B99C1F80880C1E900200FB0BDE8C7
:1011A000F08FBD1B6D1CDEE74A4600DA694206A8D7
:1011B00000F06CFA06AB93E8070003AB83E8070086
:1011C00050460A9900F03EFB8DE80700A0F500505C
:1011D0001F3800900398002D0ADD42F21F014A4695
:1011E0000844002303A90390684600F0A7FD09E026
:1011F000A0F500504A461F38002303A90390684613
:1012000000F0B1FD8DE807000004000C03D04FF0A2
:10121000FF30410800E01046B8F1000F03D0002273
:10122000009215461EE0751E05D400F091F930328B
:1012300062556D1EF9D5B3460122084302D0002243
:101240007F1C04E02078302801D100227F1E002A74
:10125000099784D01DE0112D07DA00F079F93032BA
:1012600062556D1C50EA0102F5D1084302D0009886
:10127000C8B10EE00021681E05E0235C625C635487
:101280002254401E491C8142F7DBAB46A81B401E7E
:101290000990002004F80B000B98099AC0F8088008
:1012A000C0E9002B7AE711264FF0000857E72DE937
:1012B000F04F88460446D21D22F0070191B0D1E9D3
:1012C0000001CDE90A0103F036F902460B98C00F80
:1012D00001D02D2007E02068810701D52B2002E0F6
:1012E000202101EAC000032A099001D0072A05DB6A
:1012F00003464146204600F089F90BE1207880063C
:1013000001D5E06900E00620B8F1650F814606D0FE
:10131000B8F1660F18D0B8F1670F70D131E0002036
:10132000B9F1110F009001DB112301E009F1010374
:101330000AAA01A90CA8FFF7E2FEDDE90C7000265D
:1013400009F10105834647E001204B4600904FF02C
:1013500000470AAA01A90CA8FFF7D1FEDDE90DB0EC
:101360000C995D46002610B909F101000D18B9EB82
:10137000050003D4C0F1FF3609F10105A5EB090012
:101380002BE0B9F1010F01DA4FF001090020B9F1AA
:10139000110F0090484601DD112300E003460AAA20
:1013A00001A90CA8FFF7ABFEDDE90C704D46002645
:1013B0008346207800070AD4AB4500DA5D4601A8D1
:1013C000012D04DD411911F8011C302907D04F45CA
:1013D00002DA17F1040F04DA012082460FE06D1ED5
:1013E000EEE7002F02DCED1B3E4403E0781CA84230
:1013F00000DD7D1CB81B00F1010A4FF0004720788A
:10140000000703D4AA4501DB4FF0FF3A0021B7F1F2
:10141000004F0DF143088DF8431024D002202B23F8
:10142000002F01DA7F422D230A21021EA0F10100C4
:1014300000DC5FB197FBF1FC97FBF1F201FB1C7C38
:1014400017460CF1300C08F801CDEEE7A8F10100C9
:1014500003702188090501D5452100E06521A0F12F
:10146000010800F8011C09980FA9A1EB0807FF1D4E
:1014700000B10120411901EBEA70A1693844081A52
:10148000401EA0612078C00602D42046AFF3008041
:10149000099828B1D4E901219047206A401C2062B4
:1014A0002078C00622D52046AFF300801EE0002E33
:1014B00004DBB34502DD01A8805D00E03020D4E903
:1014C00001219047206A401C2062761CAAF101008D
:1014D0005FEA000A0AD100F033F8C0680168405C96
:1014E000D4E901219047206A401C2062281EA5F102
:1014F0000105DCDC07E0D4E9012118F8010B904775
:10150000206A401C2062381EA7F10107F3DC204648
:10151000AFF30080032011B041E60000074B70B527
:101520000D467B4400F05FF80446284600F020F9A1
:1015300010B14FF0FF3070BD204670BD1334000075
:101540000048704750E302200048704730E3022013
:1015500030B5B0F10A024FEA900E71F100034EEA85
:10156000817EB0EB0E0061EB91014FEA101E4EEA56
:10157000017E10EB0E0041EB11114FEA102E4EEAE6
:10158000016E10EB0E0041EB11214FEA104E4EEAB6
:10159000014E10EB0E0041EB1141401841F10001EA
:1015A0004FEAD00040EA41704FEAD10110EB8005CC
:1015B0004FEA810444EA907444EB01046D1944EB52
:1015C0000404521BA3414FF0000348BF0A3200D568
:1015D00030BD401C41F1000130BD000001694A1CD2
:1015E00002610878704700B58FB0CDE90131002164
:1015F000059105497944CDE9031011466846FFF786
:10160000A5FC0FB000BD0000E5FFFFFF2DE9F04194
:101610001F46044603260168072A01F4006004DB24
:1016200008B116A505E016A503E008B115A500E070
:1016300015A521F010002060A069C01EA0610FB1A7
:10164000401EA0612046AFF300804FB1D4E90121D4
:1016500038469047206A401C2062C01C206206E089
:10166000206AFAE7D4E9012115F8010B9047761EAC
:10167000F8D22046AFF30080BDE8F0814E414E0025
:101680006E616E00494E4600696E66002DE9F047B6
:10169000814616468AB0354878440DC88DE80D005D
:1016A00032487844801C03AC0DC884E80D0041F634
:1016B0009B300844372190FBF1F290FBF1F5A5F146
:1016C000800501FB12041B3C02D56442012000E0AE
:1016D0000020DFF898A080460027FA44AAF1BE0A4D
:1016E0000EE0E0070AD03246684607EB47010123C7
:1016F0000AEB810100F037FB8DE8070064107F1CC6
:10170000002CEED1194F7F44AE3F19E0E80715D009
:1017100007EB04100DF1180A90E80E008AE80E009D
:10172000C068F04201D1981908903246012306A9F9
:1017300003A800F018FB03AB83E807006D10641CDE
:10174000002DE3D14FF0010332466946B8F1000F96
:1017500003A802D000F0F2FA01E000F004FBC9E9AE
:101760000001C9F808200AB0BDE8F08778C0000081
:10177000007B00F0800070470048704730E3022093
:101780007546FFF7F9FFAE4605006946534620F05F
:101790000700854618B020B5FEF79CFDBDE8204047
:1017A0004FF000064FF000074FF000084FF0000B1D
:1017B00021F00701AC46ACE8C009ACE8C009ACE8D0
:1017C000C009ACE8C0098D46704710B50446AFF3B8
:1017D00000802046BDE81040FEF767BD4FF0013C99
:1017E00050F8042B51F8043B9A4215D1A2EB0C039C
:1017F000934313EACC130BD150F8042B51F8043B5C
:101800009A4209D1A2EB0C03934313EACC13E7D01D
:101810004FF00000704700BFD01A01BAB1FA81F151
:1018200001F0180122FA01F0CB40C1F12001DBB236
:10183000C0B2C01A2CFA01F3D11A914311EAC311B4
:10184000E6D170475FEA400C08BF91F0000F4FEA05
:101850008C234FEAC12243EA51514FEA1C5018BF72
:1018600000F5F0404FEA300018BF41F000415FEA58
:101870006C5C00F02980BCF1FF3F08BF40F0804065
:101880007047130C06BF12044FF0100C4FF0000C01
:10189000130E04BF12020CF1080C130F04BF120147
:1018A0000CF1040C930F04BF92000CF1020CD30F47
:1018B00004BF52000CF1010C11464FF00002A0F1E0
:1018C0001F00A0EB0C00704711F0004F08BF7047DD
:1018D00031F000413FF4D5AF0B0C06BF09044FF0C7
:1018E000100C4FF0000C0B0E04BF09020CF1080C99
:1018F0000B0F04BF09010CF1040C8B0F04BF89000E
:101900000CF1020CCB0F04BF49000CF1010CCCF11F
:101910002003A0EB0C0022FA03F302FA0CF241EAD6
:10192000030100F10100704720F07F4C80EA0300C2
:1019300023F07F47ACEB070303F57C5300F0004036
:1019400003F1FF032DE980494FEA154B09B44FEA33
:10195000144325EA0B4E24EA03480FF2042606EB53
:10196000132749083E785FEA320203FB0667C7F592
:10197000000707FB06F64FEA54374FEAD64606F152
:10198000020607FB066CCCF1005C4FEA1C472CEA10
:10199000074C07FB06F40CFB06F504EB15464FEA73
:1019A000961634BF00204FF000404FEAD13706FBB7
:1019B00007FC4FEA1C4C0CFB0BF7D21B03FB0CF78C
:1019C00061EB07010CFB0EF7B0EB074072EB17421F
:1019D0000CFB08F734BFA2EB0742B2EB074261EB06
:1019E00017414FEA0C444FEA910706FB07FC4FEA08
:1019F0001C4C0CFB0BF7B0EBC74072EB573203FBF0
:101A00000CF734BFA2EBC742B2EBC74261EB5731D0
:101A10000CFB0EF7B0EBC70072EB57720CFB08F72C
:101A200034BFA2EBC702B2EBC70261EB5771039F51
:101A30004FEA816141EA921104EBCC044FEAD137BD
:101A40004FEA826206FB07FC42EA90124FEA80608E
:101A50004FEA1C4C0CFB0BF7D21B03FB0CF761EBA2
:101A600007010CFB0EF7B0EB074072EB17420CFBC3
:101A700008F734BFA2EB0742B2EB074261EB174114
:101A80004FEA8C554FEA910704EB9C2406FB07FCB8
:101A90004FEA1C4C0CFB0BF7B0EBC74072EB573214
:101AA00003FB0CF734BFA2EBC742B2EBC74261EBBA
:101AB00057310CFB0EF7B0EBC70072EB57720CFB03
:101AC00008F734BFA2EBC702B2EBC70261EB577154
:101AD00015EB4C254FEA816141EA92114FEA82628F
:101AE0004FEAD13742EA901206FB07FC44F10004AA
:101AF0004FEA80604FEA1C4C0CFB0BF7D21B03FB38
:101B00000CF761EB07010CFB0EF7B0EB074072EB33
:101B100017420CFB08F734BFA2EB0742B2EB0742B7
:101B200061EB174115EB1C154FEA813141EA9241F7
:101B30004FEA823242EA90424FEA80304FEA0C7616
:101B400044F1000448EA03434EEA0B484FF0000E0C
:101B5000B2EB080C71EB030724BF624639464EEB2B
:101B60000E0E4FF0000B0018524149414BEB0B0B8E
:101B7000B2EB080C71EB03077BF1000B24BF62464C
:101B800039464EEB0E0E4FF0000B00185241494102
:101B90004BEB0B0BB2EB080C71EB03077BF1000B6B
:101BA00024BF624639464EEB0E0E51EA020718BFBB
:101BB00046F0010616EB0E7655F1000254F10001D5
:101BC00003D5BDE88901BDE80088BDE88901BDE80D
:101BD0000048B619524141EB0101A3F101037047DE
:101BE00080807F7E7D7C7B7A79787776767574735A
:101BF000727171706F6E6E6D6C6C6B6A6A69686819
:101C0000676666656464636362616160605F5F5EAE
:101C10005E5D5D5C5C5B5B5A5A5959585857575624
:101C20005655555554545353525252515150505089
:101C30004F4F4F4E4E4D4D4D4C4C4C4B4B4B4A4ADB
:101C40004A4949494848484747474746464645451F
:101C50004544444444434343434242424241414158
:101C6000002B9C4630D477002BD01CB54FEA3707A9
:101C700003B44FF010004FF01001BAF1000F06D07E
:101C8000BCF1000FDCBF40F0080040F0080103F099
:101C9000C1F80FBCBDE810400BF1010BBBF1010F07
:101CA00008BF5FEA170722BF12F1010211F101011B
:101CB0004FF0004143F1000300F0004043EA000010
:101CC0007047F9D35708D0E746EA064613F1400FAC
:101CD0004FEA16461FDD13F1200FDFBF16430A46F9
:101CE000002120335B42BED0C3F1200746EA0646FE
:101CF00002FA07F74FEA164646EA0706C3F120073D
:101D000022FA03F201FA07F721FA03F14FF0000378
:101D100042EA0702A7E746EA020646EA06464FEA13
:101D2000164646EA0106BCBF46EA0646360C4FF0A8
:101D300000034FF000024FF0000194E72DE9804CC2
:101D40009A46934670B491E8380007C831EA400CCF
:101D500048BF34EA430C03D5FFF7E6FDFFF780FFE9
:101D6000F0BCBDE8008C2DE9804C9A46934670B4D7
:101D700091E8380007C810F0804F08BF13F0804F7B
:101D800003D100F005F8FFF76BFFF0BCBDE8008C55
:101D900020F07F4780EA030023F07F4C07EB0C0321
:101DA000A3F57C5300F00040A3F1FE0392F0000F76
:101DB00000F0B38095F0000F00F077802DE9014925
:101DC0004FEA11404FEA144621EA004800FB06FCA6
:101DD00024EA064708FB06F607FB08F800FB07F7AE
:101DE00018EB06484CEB164C4FEA124B18EB074821
:101DF0004FEA15464CEB174022EA0B4E0BFB06FC54
:101E000025EA06470EFB06F607FB0EFE0BFB07F75F
:101E10001EEB064E4CEB164C4FF000061EEB074E29
:101E20004CEB174B18EB0B0840F1000018EB0E0BB6
:101E300058EB000840F100008F1A4FF000013CBF42
:101E4000C943661B14BFB5EB040C00213CBFC9435A
:101E5000F61B4FEA17444EEA8E0E27EA04454FEA76
:101E60001C4704FB07622CEA074C05FB07F70CFB39
:101E700005F604FB0CFC16EB074642EB174216EB8B
:101E80000C4642EB1C421BEB060658EB020241419A
:101E900046EA9E0601D5BDE80189B619524141EBDB
:101EA0000101A3F10103BDE801894FEA14454FEA9E
:101EB000114724EA054621EA074C05FB07F406FB17
:101EC00007F70CFB06F105FB0CFC11EB074144EB9B
:101ED00017444FEA124711EB0C4144EB1C4422EA31
:101EE000074C05FB07F206FB07F70CFB06F605FBA4
:101EF0000CFC16EB074642EB174216EB0C4642EB86
:101F00001C456A1854F1000148BF7047B619524188
:101F100041EB0101A3F10103704795F0000F37D0A9
:101F20004FEA11424FEA144721EA024624EA074CDD
:101F300002FB07F106FB07F70CFB06F402FB0CFCA7
:101F400014EB074441EB17414FEA154714EB0C44DF
:101F500041EB1C4125EA074C02FB07F506FB07F79E
:101F60000CFB06F602FB0CFC16EB074645EB17458F
:101F700016EB0C4645EB1C42121951F1000148BF0B
:101F80007047B619524141EB0101A3F101037047BB
:101F90004FEA14454FEA114724EA054621EA074C67
:101FA00005FB07F106FB07F70CFB06F24FF00006F6
:101FB00005FB0CFC12EB074241EB174112EB0C4204
:101FC00051EB1C4148BF7047921841EB0101A3F14E
:101FD0000103704710B50146806B026C12F0500F80
:101FE00005D0806BC26C0846BDE810401047016CFC
:101FF00041F40071016401688A6812F0405F17D1F2
:102000008269AAB9CA6A12F4700F02D08A685205AE
:102010000ED44A6822F020024A60016C21F48071DB
:102020000164016CC90403D4016C41F00101016435
:1020300000F098FB10BD10B5806B40210164416C2D
:1020400041F00401416400F08FFB10BD10B5806BBE
:1020500000F089FB10BD00004A4910B5D1F80423F7
:1020600022F44032C1F80423D1F8042343681A4310
:10207000C1F8042301684A6822F480724A6001684A
:102080004A68036942EA03224A6001684A6822F00A
:1020900040724A6001684A6883681A434A6001686E
:1020A0008A6822F400628A6001688A68C3681A43F9
:1020B0008A60816A6FF07062D14201688A6822F09A
:1020C00070628A6001688A680CD0836A1A438A60E9
:1020D00001688A6822F040528A6001688A68C36A8F
:1020E0001A4301E022F040528A6001688A6822F0B7
:1020F00002028A6001688A68836942EA43028A6050
:10210000016A002901684A6815D042F400624A60F9
:1021100001684A6822F460424A6001684B684FF4E3
:102120006044426A94FAA4F4521EB4FA84F4A240C1
:1021300013434B6002E022F400624A600168CA6AFD
:1021400022F47002CA620168CA6A838B0E4C04EBE7
:1021500003531A43CA6201688A6822F400728A60D3
:1021600001688A68036B42EA43228A6001688A68D0
:1021700022F480628A6001688A68406942EA8020AD
:10218000886010BD002001400000F0FFFEE7000065
:1021900031482DE9F04100683049884202D92F4882
:1021A000543804E02E49884203D92C485838006836
:1021B00008E02B4A2A49603AB839904201D9486868
:1021C00000E0086810F0200F40D000F05DF9254DC8
:1021D000254FDFF89880264C2878C0B102F0C6FD64
:1021E00020802878234D244E0028B4F9000015D013
:1021F000B6F90010884219D197ED001A98ED000B3E
:1022000002F032FDB4F9001088420CD10EE097EDD7
:10221000001A98ED000B02F027FDE1E730B1B6F9A6
:102220000010884202D12878401C00E0002028706D
:102230001248B4F90010318090ED000A104802F005
:102240000DFB104880ED000A02F004FCBDE8F041EF
:10225000014800F0F5BB000020E202205864024073
:10226000B860024000000220200002202800022066
:10227000320002200100022030000220180002205B
:102280006020022014000220094808B5016841F4CA
:102290008001016000680022114600F48000009077
:1022A000382000F0BBFEBDE80840382000F0ABBE8F
:1022B0003038024001681823CAB2103AB2FBF3F278
:1022C000054B6FF30901032A9B5CC36500D9091D07
:1022D0008165084670470000504E0008014610B561
:1022E00000208B694FF0C0748A6A53B1B3F5005F68
:1022F00015D072B1012A0CD0022A0AD0032A09D1C2
:1023000004E01AB1012A06D0022A03D1C96AC90120
:1023100000D5012010BDC96AA142FAD010BD002A23
:10232000F7D0012AF2D0022AF3D0032AF3D010BD4D
:1023300010B5114C4FF480610E48206000206060A1
:10234000A060C4E90301490061618900A1614911EC
:10235000E1610902C4E908100321C4E90A102063FD
:10236000204600F041FB204600F03EFC0348846319
:10237000A06310BD1064024020E20220D8E10220D8
:1023800030B50468256825F48025256004686360FD
:102390008368402B036803D099600068C26030BD39
:1023A0009A600068C16030BD7047012000F0F2BC47
:1023B0004FF4005000F0EEBC042000F0EBBC08200D
:1023C00000F0E8BC2A4810B586B0016841F0010170
:1023D0000160016801F001010591016841F004010B
:1023E0000160016801F004010591016841F080017C
:1023F000016000680124694600F0800005901D48D6
:10240000CDE90040022002901B4800F0CFFC6003A1
:1024100000901A486946CDE90104194800F0C6FC4D
:102420000C2000901748694600F0C0FC00220221F1
:10243000062000F0F3FD062000F0E5FD0122022158
:10244000082000F0EBFD082000F0DDFD022209204D
:10245000114600F0E3FD092000F0D5FD0322022122
:10246000282000F0DBFD282000F0CDFD06B010BDD7
:10247000303802400000111000000240000021101E
:1024800000080240001C024070B54D4AB6EE000A3A
:102490002DED028B10885188D38808449188194407
:1024A000484B084400EE900AB8EE601AF5EE000AB8
:1024B00021EE201A83ED001A9FED431AF7EE001A61
:1024C000012071EEC01A040383ED011A02EB4001F2
:1024D00032F810504E8835448E88C98831442944DA
:1024E00002EE101A03EBC001401CB8EE422A51ED77
:1024F000022A80B2A04222EE002A22EE202A01EE19
:10250000A22A81ED002A81ED011ADFD32D492F483F
:10251000FEF7A5FA2E4922462A48FDF7EDFE2D4882
:102520002D49DFED2F0A9FED308A00882D4CB1FB3D
:10253000F0F02A49264D2D4A0988B0FBF1F000EE53
:10254000100A281DB8EE400A20EE200A84ED000A89
:10255000C8EE000ABCEEE00A10EE101AFEF766FBA9
:1025600094ED000A224B281D224AC8EE000ABCEE58
:10257000E00A10EE101AFEF7F3FA1D48D4ED000A37
:1025800090ED000AB8EE400A20EE200ADFED1A0AAC
:1025900084ED000A80EE801AB7EEC10A01F0E4FF74
:1025A000B2EE081B20EE018BB0EE000B01F0DCFF59
:1025B00088EE001B114880ED001BBDEC028B70BD46
:1025C00058000220A0200220000000008C200220E1
:1025D000A0A002200400022000F36F0606000220E3
:1025E00000008039180002200000AF4320000220C4
:1025F0001C000220240002200000DC4328000220EE
:10260000F8B50023009390F83C20012A18D001224D
:1026100080F83C200A6807264E4D0468092A1BD919
:10262000E7680A3A02EB42029640B743E7600A685D
:10263000AA4207D10268D4680E7A44EA066409E027
:102640000220F8BD0A3A8C6802EB4202944002680C
:10265000D6683443D4600EE0276902EB420296400C
:10266000B74327610A788C6802EB42029440026803
:102670001669344314614A681F26072A13D2046876
:10268000676B521E02EB82029640B74367630A886B
:1026900094B20A79521E02EB820294400268566B91
:1026A0003443546327E004680D2A12D2276BD21FEB
:1026B00002EB82029640B74327630A8894B20A79F4
:1026C000D21F02EB820294400268166B34431463FB
:1026D00011E0E76A0D3A02EB82029640B743E762E7
:1026E0000A8894B20A790D3A02EB82029440026899
:1026F000D66A3443D462184C0268A24208D10A68F0
:10270000122A05D1D4F8042342F48002C4F8042329
:102710000268A2421AD10A68AA4201D0112A15D130
:10272000D4F8042342F40002C4F804230968A9423F
:102730000CD10A490A4A0968B1FBF2F101EB8101A7
:10274000490000E0491E00910029FBD180F83C308F
:102750000020F8BD120000100020014034000220CB
:1027600040420F0070477047704770B504004FF04B
:10277000000603D0206C002510B107E0012070BDD9
:102780006564204684F83C5000F01AF8206CC006BE
:1027900010D4206C20F4885040F0020020642046C1
:1027A000FFF75AFC6564206C20F0020040F0010045
:1027B000206400E0012684F83C50304670BD0000E3
:1027C000104800B587B0016841F48071016000686D
:1027D00000F4807005900B481438016841F0010145
:1027E00001600068694600F001000590202000901B
:1027F0000320019000200290034800F0D7FA07B0B0
:1028000000BD0000443802400000024018B500221C
:10281000009290F83C10012907D0012180F83C106B
:1028200001688B68DB0702D011E0022018BD8B68BD
:1028300043F001038B602049204B0968B1FBF3F1A1
:1028400001EB410100E0491E00910029FBD1016824
:102850008B68DB072DD0036C40F20164A34343F483
:10286000807303644B685B0505D5036C23F4005348
:1028700043F480530364036CDB0404D5436C23F0FE
:102880000603436400E0426480F83C206FF02202BB
:102890000A600B49D1F804230068D20601D08842AF
:1028A00007D1816811F0405F03D1816841F0804118
:1028B0008160002018BD00003400022040420F005B
:1028C00000200140F8B500230446009390F83C0036
:1028D000012807D0012084F83C0020688568ED07B6
:1028E00002D011E00220F8BD856845F00105856041
:1028F0002E482F4D0068B0FBF5F000EB400000E0E3
:10290000401E00900028FBD120688568ED074AD062
:10291000256C40F20166B54345F480752564406836
:10292000400505D5206C20F4005040F48050206410
:10293000206CC00404D5606C20F00600606400E0E8
:10294000636484F83C30A36B1A48D863A36B1A48BD
:102950001864A36B1948D8646FF0220023681860CC
:102960002068436843F0806343602068836843F4D1
:102970008073836020681346A56B0A4600F14C0102
:10298000284600F099F90E49D1F80403C0062068E2
:1029900001D0884207D1816811F0405F03D181687E
:1029A00041F0804181600020F8BD00003400022029
:1029B00040420F00D51F00084D20000837200008B6
:1029C0000020014090F83510022903D08021416594
:1029D00001207047052180F835100068016821F05A
:1029E000010101600020704770B5040025D094F803
:1029F0003500022820D02068016821F00101016023
:102A00002068002505602068456020688560206892
:102A1000C560206805612120216848612046FFF7D4
:102A200049FC94F85C203F2191408160656584F801
:102A30003550002084F8345070BD012070BD000076
:102A40002DE9F843044666484FF00008CDF80080B1
:102A50004FF41651A56D0068B0FBF1F72E680822FF
:102A600094F85C0002FA00F1314210D0206801684D
:102A700049070CD5016821F00401016094F85C005D
:102A800002FA00F1A960606D40F00100606594F801
:102A90005C1054488840304208D0216849690906D2
:102AA00004D5A860606D40F0020060654D4894F860
:102AB0005C10C01C8840304208D021680968890732
:102AC00004D5A860606D40F00400606594F85C1067
:102AD00010208840304218D021680968090714D5B1
:102AE000A86020680168490304D50068000308D580
:102AF000A16C07E00168C90503D4016821F0080151
:102B00000160216C09B12046884794F85C102020B0
:102B1000884030424FF0010631D021680968C9066B
:102B20002DD5A86094F8350005282068016806D0E6
:102B3000490347D5006800031DD4616C1CE021F0F7
:102B4000160101602068416921F080014161206C1B
:102B500008B9A06C20B12068016821F0080101606B
:102B600094F85C103F208840A86084F8348084F892
:102B70003560216D1FE0E16B09B120468847606D2B
:102B800000282BD0606DC00714D0052084F83500D4
:102B90002068016821F0010101600098401C00904C
:102BA000B84203D820680068C007F6D184F83480A2
:102BB00084F83560E16C002910D001B02046BDE8F2
:102BC000F04308470168C905D5D4016821F0100118
:102BD000016084F8348084F83560CCE7BDE8F88380
:102BE00034000220010080002DE9F041044600F08D
:102BF000D5F905465CB1002684F83460022084F8DB
:102C000035002068016821F0010101600DE001201C
:102C1000BDE8F08100F0C2F9401B052805D920204D
:102C20006065032084F83500F2E720680068C0077B
:102C3000F0D121680A681F480240D4E90103184313
:102C4000D4E903352B43184363691843A369184338
:102C5000E3691843236A18431043626A042A03D1C4
:102C6000D4E90B231A431043086020684069012708
:102C7000656A20F0070128460D4304280AD1A06A9E
:102C800005432046FFF72AFB20B14020606584F809
:102C90003570BCE7206845612046FFF70BFB94F8D0
:102CA0005C203F2191408160666584F8357000208A
:102CB000AEE700003F8010E02DE9F041866D04464C
:102CC00090F83400002501280DD0012084F834004C
:102CD00094F835700020012F07D0022584F83400C5
:102CE0002846BDE8F0810220FBE7022784F8357012
:102CF00060652046FFF744FB94F85C103F20884055
:102D0000B0602068016841F01601016020684169E7
:102D100041F080014161206C20B12068016841F0E0
:102D2000080101602068016841F001010160D7E7F6
:102D300010B50446322001F0D7FD012C0DD011480A
:102D4000042C0DD0082C0DD04FF400518C4217D11B
:102D50000D48BDE8104000F017B90C480121F8E714
:102D60000421F6E7082100F00FF9002808D10849EE
:102D70000878401CC0B20870062801D900200870ED
:102D800010BD0000001C024000080240000002408C
:102D900000000220044910B50A68024202D008600F
:102DA000FFF7C6FF10BD0000143C01402DE9F84FAD
:102DB000DFF8A09100224FF00F0809F1040A0AF190
:102DC000040B0BF1040E0B68012696403340B3420E
:102DD00071D14C68022C01D0122C11D1D40800EB17
:102DE00084073D6A5407E40E08FA04FC25EA0C0542
:102DF000D1F810C00CFA04FC4CEA050CC7F820C04E
:102E00000768540091F804C00325A5400CF0030C9A
:102E1000AF430CFA04FC4CEA070CC0F800C04F6842
:102E2000012F05D0022F03D0112F01D0122F11D165
:102E30008768D1F80CC0AF430CFA04FC4CEA070CCD
:102E4000C0F808C04768B7430E79C6F3001696402D
:102E50003E434660C668AE438D68A5403543C560B5
:102E60004C68E4006FD53C4C256845F480452560EE
:102E7000246822F0030504F480440094374C2E1992
:102E8000D6F808789407250F08FA05F4A743344CC0
:102E9000A04201D100242EE0324CA04201D10124F5
:102EA00029E0314CA04201D1022424E02F4CA04261
:102EB00002D103241FE046E02D4CA04201D104249E
:102EC00019E02C4CA04201D1052414E02A4CA04268
:102ED00001D106240FE0294CA04201D107240AE0C9
:102EE000274CA04201D1082405E0264CA04201D184
:102EF000092400E00A24AC403C43C6F80848D9F84D
:102F000000404D464E689C43F60300D51C432C60A0
:102F1000DAF8004055464E689C43B60300D51C4382
:102F20002C60DBF800405D464E689C43F60200D5FD
:102F30001C432C60DEF8004075464E689C43B60288
:102F400000D51C432C60521C102AFFF43CAFBDE896
:102F5000F88F0000003C014044380240003001403E
:102F6000000002400004024000080240000C024041
:102F7000001002400014024000180240001C0240F1
:102F800000200240002402400069084000D00120D7
:102F900070470AB1816170470904FBE70148006886
:102FA000704700004400022002480168491C01608B
:102FB0007047000044000220074810B5016841F442
:102FC00000710160052000F049F80F2000F006F8BC
:102FD00000F018F8002010BD003C024010B5044677
:102FE00007484FF47A710068B0FBF1F000F032FB53
:102FF00000222146501E00F011F8002010BD0000F4
:10300000340002207047012100F01F029140400966
:10301000800000F1E020C0F8001170470E4BF0B4C2
:103020001B68C3F30223C3F10704042C00D9042452
:103030001D1D072D01D2002300E0DB1E012606FA2C
:1030400004F56D1E0D409D409E40761E164045EADB
:103050000601F0BC00F0F0BD0CED00E0064A00F007
:10306000070110684FF6FF03184040EA01200349AA
:1030700008431060704700000CED00E00000FA0506
:103080001848F8B5016841F0805101600068164D9C
:1030900000F080500090286840F480302860FFF7EE
:1030A0007DFF4FF47A76044604E0FFF777FF001BBC
:1030B000B0420FD86868C003F7D5286840F40030E4
:1030C0002860FFF76BFF044606E0FFF767FF001B71
:1030D000B04201D90320F8BD68688003F5D500200F
:1030E000F8BD000040380240007000402DE9F04774
:1030F000DFF8448104460E46D8F8000000F00F00C7
:10310000B0420CD2D8F8001021F00F013143C8F8BA
:103110000010D8F8000000F00F00B04262D1207813
:10312000464F800705D53868A16820F0F0000843B5
:1031300038602078C00744D04049606808390128C9
:1031400016D00968022816D0890700294ADA39689A
:1031500021F0030101433960FFF720FF0546606855
:1031600041F2883101280ED00228894617D024E088
:1031700009688903E9E78901E7E7FFF70FFF411BCA
:10318000494501D916E089463868C0F38100012815
:10319000F3D116E0FFF702FF411B49450AD8386812
:1031A000C0F381000228F5D10BE0FFF7F7FE411BC9
:1031B000494502D90320BDE8F087386810F00C0FAC
:1031C000F3D1D8F80010404601F00F01B1420BD9FD
:1031D000016821F00F0131430160006800F00F0029
:1031E000B04201D00120E6E72078400705D53868D5
:1031F000E16820F4E050084338602078000706D5E5
:103200003868216920F4604040EAC100386000F06D
:103210004BF83968F02292FAA2F201F0F001B2FA0A
:1032200082F2D140064A515CC840064908600F202E
:10323000FFF7D4FE0020BEE7003C02400838024001
:10324000384E00083400022008480949006809681F
:103250004FF4E05292FAA2F201F4E051B2FA82F293
:10326000D140044A515CC84070470000340002203D
:1032700008380240484E00080848094900680968B3
:103280004FF4604292FAA2F201F46041B2FA82F283
:10329000D140044A515CC84070470000340002200D
:1032A00008380240484E0008194830B5006810F050
:1032B0000C01184812D0184C04290ED008290DD141
:1032C000134A121F1168136801F03F015D0247F6AF
:1032D000C07304D5B4FBF1F003E0204630BDB0FB71
:1032E000F1F01168194093FAA3F3B3FA83F3D940CC
:1032F000484311684FF4403292FAA2F201F440318F
:10330000B2FA82F2D140491C4900B0FBF1F030BD65
:10331000083802400024F40040787D012DE9F84F80
:10332000DFF8108304460078A8F10409A9F1040528
:10333000C0074AD0D8F800104046C1F381010129E6
:1033400008D00068C0F3810002280AD1D9F8000033
:10335000400206D52868800337D5606800286ED003
:1033600033E06068B0F5803F0BD010B1B0F5A02F0E
:1033700011D0286820F480302860286820F480204C
:1033800002E0286840F480302860606888B1FFF768
:1033900005FE064609E0286840F480202860F0E732
:1033A000FFF7FCFD801B642872D828688003F7D5DE
:1033B0000BE0FFF7F3FD064604E0FFF7EFFD801B8F
:1033C0006428F1D828688003F7D42078800746D590
:1033D000D8F8001040464FF0F80711F00C0F08D055
:1033E0000068C0F3810002280AD1D9F80000400229
:1033F00006D42868800716D5E06801281FD112E09E
:10340000E068002828681BD040F001002860FFF722
:10341000C5FD064604E0FFF7C1FD801B0228C3D8A6
:1034200028688007F7D5286897FAA7F22169B2FAC9
:1034300082F220F0F8009140084328600FE0F7E0A6
:1034400020F001002860FFF7A9FD064604E0FFF721
:10345000A5FD801B02281BD828688007F7D4207898
:10346000000725D5734F60696C370028386810D085
:1034700040F001003860FFF791FD064604E0FFF7D9
:103480008DFD801B022803D838688007F7D50FE030
:103490008AE020F001003860FFF780FD064604E076
:1034A000FFF77CFD801B02287ED838688007F7D4A0
:1034B0002078400750D55F483830016841F080518E
:1034C000016000685C4F00F080500090386840F464
:1034D00080703860FFF762FD064604E0FFF75EFD8E
:1034E000801B642860D83868C005F7D5514FA068A4
:1034F000683701280AD008B1052813D0386820F0B1
:1035000001003860386820F0040002E0386840F0BC
:1035100001003860A06841F2883A88B1FFF73EFDAB
:10352000064609E0386840F004003860EEE7FFF72F
:1035300035FD811B514573D838688007F7D50BE0FE
:10354000FFF72CFD064604E0FFF728FD811B5145DF
:1035500066D838688007F7D4A06930B3D8F800106F
:10356000C1F38101022963D00228286820F080700D
:10357000286003D0FFF712FD044654E0FFF70EFD6C
:10358000064604E0FFF70AFD801B022848D8286899
:103590008001F7D447F6C072D4E9070192FAA2F28B
:1035A0000843B2FA82F201E03AE03FE0616A4FF08C
:1035B000FF339140A26A03EB52024FF4403393FA77
:1035C000A3F3B3FA83F39A4011434FF070620843B8
:1035D000E16A92FAA2F2B2FA82F291404FF0E0422E
:1035E0000843216B92FAA2F2B2FA82F291400843A8
:1035F000C9F80000286840F080702860FFF7CEFC12
:10360000044604E0FFF7CAFC001B022808D828681B
:103610008001F7D50AE0FFF7C1FC001B022802D9A0
:103620000320BDE8F88F28688001F4D40020F8E773
:103630000120F6E708380240007000404FF0E0211A
:103640000428086903D020F004000861704740F0A6
:103650000400FAE7401EB0F1807F10B501D30120CD
:1036600010BD4FF0E02460610F21601700F0E4FA14
:103670000020A06107202061002010BD70B5044625
:1036800090F838000D4601280ED0012684F83860E5
:10369000022084F839000C2A45D007DC5AB1042AEC
:1036A0001BD0082A78D12CE0022070BD102A4ED001
:1036B000142A71D15DE0206800F0CEFB206881699A
:1036C00041F0080181612068816921F00401816174
:1036D000206881692A69114311E0206800F0ECFB41
:1036E0002068816941F4006181612068816921F469
:1036F00080618161206881692A6941EA02218161D2
:103700004AE0206800F00EFC2068C16941F0080121
:10371000C1612068C16921F00401C1612068C169EB
:103720002A69114311E0206800F030FC2068C1696B
:1037300041F40061C1612068C16921F48061C16107
:103740002068C1692A6941EA0221C16124E0206838
:1037500000F048FC2068416D41F008014165206897
:10376000416D21F0040141652068416D2A691143D2
:1037700011E0206800F05EFC2068416D41F40061BA
:1037800041652068416D21F4806141652068416D8B
:103790002A6941EA0221416584F83960002084F8F1
:1037A000380070BD10B5040003D094F8390010B192
:1037B00007E0012010BD002084F83800204600F00A
:1037C0000DF8022084F839002068211D00F0D8FA95
:1037D000012084F83900002010BD00001948F0B520
:1037E000016887B041F002010160016801F0020147
:1037F0000591016841F004010160006800F00400D7
:10380000059010481038016841F00201016000681D
:1038100001A90224009401250B4F032600F00200A9
:1038200081E87000CDE9044069463846FFF7BEFAEA
:10383000200269468DE8710038460494FFF7B6FA15
:1038400007B0F0BD403802400004024010B501222C
:103850000446006800F0F4FA08482168814202D06A
:103860000748814203D1486C40F400404864206816
:10387000016841F001010160002010BD000001401D
:1038800000040140704790F8691090F86A000843FE
:103890007047000070B501680446C8690A688B6803
:1038A00010F00F0F5CD040F201152B426BD0C50712
:1038B00007D0D50505D501250D62E16E41F0010166
:1038C000E166810708D5D90706D02568022129625B
:1038D000E16E41F00401E166410708D5D90706D041
:1038E000256804212962E16E41F00201E1660107C9
:1038F0000CD502F0200103F00103194306D0236820
:1039000008211962E16E41F00801E166E16E0029CB
:1039100032D0800604D5900602D5204600F05EFC29
:10392000E06E000703D420688068400625D5204655
:1039300000F046FC2068816849061AD5816821F0AC
:1039400040018160606EA0B12F490165606EFFF794
:1039500039F8002810D0606E016DBDE8704008474E
:10396000830610D593060ED52046BDE8704000F0C2
:1039700035BC2046FFF786FF70BD2046FFF782FF6B
:103980000020E06670BD03062ED513062CD594F8F2
:1039900069002128F6D1B4F8520020B1A068B0F532
:1039A000805F0AD00BE0086820F080000860206883
:1039B000016841F04001016070BD206958B1E06CC0
:1039C000411CE164216800788862B4F85200401E0E
:1039D000A4F8520070BDE06C0088C0F30800886253
:1039E000E06C801CE064F0E74006F3D55006F1D5AA
:1039F0000A68204622F040020A60202184F86910FB
:103A000000F0F0F870BD0000AD41000810B50400F2
:103A100003D094F8690010B107E0012010BD002028
:103A200084F86800204600F027F8242084F8690014
:103A30002068016821F001010160204600F00AFCC5
:103A40000128EBD0606A10B1204600F01DFB206811
:103A5000416821F4904141602068816821F02A0189
:103A600081602068016841F0010101602046BDE8E5
:103A7000104000F06DBB000010B5006886B01A4918
:103A800088422FD11948016841F0010101600068A6
:103A900000F00100059015481430016841F0100154
:103AA000016000680121124C00F0100005904FF4F5
:103AB000007000900220CDE90101039007206946C3
:103AC00004902046FFF772F92115204600916946BF
:103AD000FFF76CF92520FFF796FA032225201146FF
:103AE000FFF79CFA06B010BD0010014030380240CC
:103AF0000000024090F86A30202B44D1B9B1B2B135
:103B000090F86830012B3ED0012380F86830416581
:103B1000A0F85820A0F85A20FF228168B1F5805FF4
:103B200007D07F2351B1B1F1805F0CD010E00120AC
:103B30007047016921B940F2FF1107E00169F9B945
:103B4000A0F85C2004E00169D1B13F21A0F85C102D
:103B50000021C166222280F86A2080F8681001687E
:103B60000A6842F480720A6001688A6842F00102C1
:103B70008A600068016841F0200101600020704700
:103B8000A0F85C30E4E702207047000030B5006820
:103B9000114988420CD1114A5088010408D41146B9
:103BA0004FF000034404097806D50A2901D0538058
:103BB00030BD40F400400DE00D2909D0084DC0F3A0
:103BC0000D04401C80B2C72829555080EFD830BD65
:103BD00040F48040508030BD001001403C00022085
:103BE000A0E002207047FEE77FB5114800240F498E
:103BF000012501604FF48031C0E90114C4604FF029
:103C0000C06104614461C0E906450462C0E909413C
:103C10002907C0E90B15FEF7A8FD05206946CDE987
:103C2000000503480294FEF7EBFC7FBD0020014035
:103C3000D8E10220FEE770470907090E002806DADE
:103C400000F00F0000F1E02080F8141D704700F133
:103C5000E02080F8001470477047704730B51E4C64
:103C600093B0256845F080552560246804F08054A1
:103C700012941A4C256845F44045256024680DF1DE
:103C8000240C04F44044129401240094240401946C
:103C9000022406948CE80D0065056846CDE90751BD
:103CA000FFF73CFB00B1FEE7FFF7EAF900B1FEE7E2
:103CB0000F20CDE90D0400200F904FF4A05010907C
:103CC0004FF48050119007210DA8FFF70FFA00283C
:103CD00000D0FEE713B030BD403802400070004015
:103CE000FFF762B91048016841F4700101600F48A4
:103CF000016841F0010101600C4A002108321160A5
:103D000002680B4B1A400260031D0A4A1A600268DF
:103D100022F48022026005480C30016058060249F6
:103D2000803908607047000088ED00E000380240EC
:103D3000FFFFF6FE10300024104A10B504460E486E
:103D4000C2E900010020C2E9020410611046FFF739
:103D500029FD0A4960200C223C3108606008486057
:103D6000022088600548FFF789FCBDE81040034841
:103D70000C21FFF76BBD00000004004080E2022030
:103D8000F0B502684FF0804E224D234E234FA842DB
:103D9000DFF88CC0234B09D0704507D0B04205D066
:103DA000B84203D0604501D0984203D122F070049C
:103DB0004A682243A8421BD0704519D0B04217D0A0
:103DC000B84215D0604513D0984211D0164CA0428D
:103DD0000ED0164CA0420BD0154CA04208D0154C6A
:103DE000A04205D0144CA04202D0144CA04203D1F2
:103DF00022F44074CA68224302608A68C2620A6878
:103E00008262A84201D0984201D10969016301216F
:103E10004161F0BD00000140000400400008004086
:103E2000000C0040000401400040014000440140FB
:103E30000048014000180040001C004000200040E5
:103E4000012310B5046A8B409C430462036A8A40D4
:103E50001343036210BD000030B5026A22F0010274
:103E60000262056A4268836925F002050F4C23400F
:103E70000C6823F003031C438B682B430C4DA842B2
:103E800002D00C4DA8420BD123F00805CB6822F4D8
:103E900040722B434D6923F0040315438A692A437A
:103EA0004260846149684163036230BD8FFFFEFF59
:103EB000000001400004014030B5026A22F0100207
:103EC0000262046A42688369134D2B400D6823F433
:103ED000407343EA052524F020038C6843EA041369
:103EE0000E4CA04202D00E4CA0420ED1CC6823F062
:103EF000800322F4406243EA04134C6923F0400338
:103F000042EA84028C6942EA84024260856149681F
:103F10008163036230BD0000FF8FFFFE000001409F
:103F20000004014030B5026A22F480720262056A20
:103F30004268C369124C23400C6823F003031C43FE
:103F400025F400738D6843EA05230E4DA84202D084
:103F50000D4DA8420ED1CD6823F4006322F44052E7
:103F600043EA05234D6923F4806342EA05128D6913
:103F700042EA05124260C4614968C163036230BD10
:103F80008FFFFEFF000001400004014030B5026ACF
:103F900022F480520262046A4268C36924F4005425
:103FA0000D4D2B400D6823F4407343EA05238D68C3
:103FB00044EA0534094DA84202D0094DA84204D173
:103FC0004D6922F4804242EA85124260C361496829
:103FD0000164046230BD0000FF8FFFFE000001405D
:103FE0000004014030B5026A22F480320262056AA0
:103FF0004268436D0C4C23400C681C4325F400338D
:104000000D8943EA0543094DA84202D0084DA84254
:1040100004D14D6922F4803242EA052242604465AF
:1040200049688165036230BD8FFFFEFF00000140DB
:104030000004014030B5026A22F480120262056A6F
:104040004268436D0D4C23400C6843EA042425F478
:1040500000130D8943EA0553094DA84202D0094DCA
:10406000A84204D14D6922F4802242EA85224260AE
:1040700044654968C165036230BD0000FF8FFFFEE3
:10408000000001400004014090F82410C90706D048
:1040900001684A68836A22F400321A434A6090F841
:1040A0002410890706D501684A68C36A22F4803261
:1040B0001A434A6090F82410490706D501684A68F7
:1040C000036B22F480221A434A6090F824100907F7
:1040D00006D501684A68436B22F400421A434A60DD
:1040E00090F82410C90606D501688A68836B22F40B
:1040F00080521A438A6090F82410890606D5016818
:104100008A68C36B22F400521A438A6090F8241024
:10411000490611D501684A68036C22F480121A43DB
:104120004A60016CB1F5801F06D101684A68436C92
:1041300022F4C0021A434A6090F82410090606D5FA
:1041400001684A68806C22F4002202434A6070478A
:10415000F8B500250446C566FEF720FF074620682F
:1041600000686FF07E46000708D500223B464FF4FA
:1041700000112046009600F089F960B920680068B7
:1041800040070AD500223B464FF4800120460096A6
:1041900000F07CF908B10320F8BD202084F8690004
:1041A00084F86A00002084F86850F8BD10B5806B70
:1041B0000021A0F85A10A0F85210FFF763FB10BDC1
:1041C00001680A6822F490720A6001688A6822F025
:1041D00001028A60202180F86A10704710B5B0F89B
:1041E0005C2090F86A300168222B05D0886940F085
:1041F00008008861022010BD8368B3F5805F01D19B
:10420000036973B14B6A416D13404A1C42650B70E0
:10421000B0F85A10491E0904090CA0F85A1008D029
:1042200016E0436D496A11401980416D891C416552
:10423000EEE701680A6822F490720A6001688A68F1
:1042400022F001028A60202180F86A10FFF79EFCAC
:10425000002010BD2DE9F04104468368006910215B
:104260000022E66903436069154630430343206832
:1042700006687A4F3E401E43066020684368E66841
:1042800023F4405333434360A369206A0343206807
:10429000866826F430661E438660714FCE02206821
:1042A000704BB8420AD11B6813F0030352D0012BA4
:1042B0007AD0022B76D0032B79D177E06A4FB842BF
:1042C0000AD11B6813F00C036AD0042B6CD0082BA6
:1042D00068D00C2B6BD169E0644FB8420AD11B68DF
:1042E00013F030035CD0102B5ED0202B5AD0302B33
:1042F0005DD15BE05E4FB8420AD11B6813F0C0038A
:104300004ED0402B50D0802B4CD0C02B4FD14DE005
:10431000584FB8420DD11B6813F4407340D0B3F529
:10432000807F41D0B3F5007F3CD0B3F5407F3ED1D4
:104330003CE0514FB8420FD11B6813F4406309D0E1
:10434000B3F5806F30D0B3F5006F2BD0B3F5406F6D
:104350002DD12BE001212AE0484FB8420DD11B6836
:1043600013F440531CD0B3F5805F1DD0B3F5005F4C
:1043700018D0B3F5405F1AD118E0414FB84216D1BA
:104380001B6813F440430BD0B3F5804F0CD0B342FD
:1043900008D0B3F5404F0AD108E005E002E0FFE79E
:1043A000002104E0022102E0042100E00821E36989
:1043B000B34226D109291DD2DFE801F00508121CFD
:1043C000151C1C1C1800FEF73FFF01E0FEF754FF10
:1043D0004100606801EB5001B1FBF0F082B20AE0ED
:1043E00028496068F6E7FEF75FFFF1E760684FF481
:1043F0008031EFE7012522F00F00C2F342010843AC
:104400001CE0092925D2DFE801F005080B2410245F
:1044100024241C00FEF718FF09E0FEF72DFF06E03C
:104420006168194A02EB51020EE0FEF73DFF0146BA
:10443000606801EB5001B1FBF0F080B22168C86008
:1044400008E0616806EB5102B2FBF1F189B2C1608C
:1044500000E001252846BDE8F0810000F369FFEF88
:1044600000100140903802400044004000480040E5
:10447000004C004000500040001401400078004013
:10448000007C00400048E8010024F4002DE9F041E0
:104490001E46174688460446069D1CE0681C1AD036
:1044A00025B1FEF77BFD801BA84214D3206801686C
:1044B00021F4D07101602068816821F001018160E0
:1044C000202084F8690084F86A00002084F86800DD
:1044D0000320BDE8F0812068C16938EA010004D0FA
:1044E0000020B842DAD00020F3E70120F9E700000D
:1044F00070B50D4D00240D48FFF7CCF902E0641CA7
:10450000AC4204D80948FFF7BEF92028F7D10024AF
:1045100002E0641CAC4206D8054901220348FFF7BB
:10452000E9FA0028F5D170BDFFFF010068E1022023
:104530003C000220FEE703B401984100009850EAD5
:10454000C12018BF04204A0D18BF40F0010040F2FE
:10455000FF72B2EB515F08BF40F00200012808BFB4
:10456000052002B07047000070B5DFF8DCC1002202
:104570002DED020B2DED108BDDE91010604505DAF5
:1045800020F00043634501D809D141B19DED100BE6
:10459000BDEC108B02B0BDE8704000F04DB9B0F535
:1045A000801F24DA19430BD0002814DA0120FCF70D
:1045B00046FDBDEC108B02B0BDE8704000F040B984
:1045C0000220FCF73CFD00F027F9B1EE400BBDECFA
:1045D000108B02B070BD9DED100B6FF035029FED9A
:1045E0005C1B20EE010B10EE900A8DED100B02EB20
:1045F0002051A1F2FF325849C0F31300014401F4E5
:10460000801181F07F6383F04053034311939DED4C
:10461000100B02EB21549FED521B811CC1F31301BF
:1046200030EE418B9FED50BB9FED51CB032931D232
:104630005148784490ED000BB4EE408BF1EE10FA47
:104640000ED1002C02BFBDEC108B02B070BD00EE8D
:10465000104AB8EEC01B21EE0B0B01EE0C0BB6E7B7
:1046600028EE081B9FED462B9FED470B002C08EE14
:10467000420B21EE000B08BF38EE400BA7D001EE35
:10468000104AB8EEC11B01EE4C0B30EE480B11EE98
:104690000B0B9CE79FED3E0B3F49C0F1510638EEF6
:1046A000000B45183D4806F5D726032188EE009BF0
:1046B00000EE104AB8EEC0AB29EE09DB2DEE0DEB93
:1046C000B0EE4E0B784400F06DF820EE0EFB34484F
:1046D000B0EE4E0B0421784400F064F820EE0D0B90
:1046E00045EA0600002830EE0F1B1ADD002C9FED76
:1046F000260B28EE000B20EE080B30EE011B04BF4A
:1047000009EE410B38EE400B3FF461AF21EE091B7F
:104710000AEE0C1B30EE410B30EE480B1AEE0B0B81
:1047200055E754B138EE410B20EE090B0AEE4C0B65
:1047300030EE480B1AEE0B0B49E738EE411BB0EE9A
:10474000480B09EE410B42E70000F07F000000003B
:104750000000000000005043645F090000000000FA
:10476000000000000000F03F0000E0FE422EE63FA7
:10477000763C7935EF39EA3D5A90000000000000A0
:10478000555555555555D53F000000000000E03FF8
:10479000000000000000004086EBF9FF908F000051
:1047A000968F0000491E00EBC102B0EE401B92ED57
:1047B000000B31F006020DD0491E00EBC102B0EE35
:1047C000403B92ED002B31F00602B0EE420B03EEBF
:1047D000010BF1D1022914D004290AD0062918BFEF
:1047E000704790ED0A2B00EE012B90ED080B02EEC6
:1047F000010B90ED062B00EE012B90ED040B02EE69
:10480000010B90ED022B00EE012B90ED000B02EE60
:10481000010B7047000000009FED031B9FED042B70
:1048200081EE020B70470000000000000000F03F26
:10483000000000000000000030EE000B7047000098
:104840009FED031B81EE010B70470000000000008C
:10485000000000000000000070470000F0EE400A79
:104860009FED150A932900B51CD005DC91B15229A2
:104870001ED06E290ED118E0C52910D0F72905D019
:10488000B1F5A57F06D19FED0D0A01E09FED0C0A61
:1048900030EE600A00F05AF8B1EE400A00BD9FED1C
:1048A000090AF5E79FED080AF2E79FED080AEFE72E
:1048B0009FED070AECE70000000000000000A543A0
:1048C0000000774300004543000013430000DC4232
:1048D0000000A44210B504460420FEF7AFFE0148D4
:1048E000046010BD3800022070B5002405464FF466
:1048F0007A7603E0304600F005F8641CAC42F9D348
:1049000070BD000070B54FF0E02500216C69094AC8
:10491000AB6912685043AA699A42FCD002D2A3EB59
:10492000020302E0A4EB0206334419441346814219
:10493000F1D370BD380002200349CA695206FCD584
:10494000C2B28A62704700000010014080ED030A85
:10495000D0ED040A70EE600AC0ED050A90ED071A6A
:1049600030EEC11A80ED061A80ED040AC0ED070A88
:10497000D0ED001A61EEA00AD0ED011A41EE800AD6
:1049800090ED020A40EE010AC0ED080AC0ED090AE6
:10499000B0EE600A70470000FEF70EFB092302220A
:1049A00019214FF4D870FFF759F9D820FFF792FF7B
:1049B0004FF4E13000F0F6F900F0FCF8FDF702FDED
:1049C000FDF762FC144C6088401E81B22088401EB6
:1049D00080B2FFF7B1F9FDF7ABFCFFF705F9241D35
:1049E0000E4894EC030A241F00F01EF80B48012324
:1049F000002219032C30FCF751F80948FDF706FF97
:104A0000084941F203020648FDF75CFF012094EDDE
:104A1000040A00F001F9F9E70400022060200220F6
:104A2000D8E102205800022080EC030A9FED080A1A
:104A300080ED030A80ED040A80ED050A80ED060A88
:104A400080ED070A80ED080A80ED090A7047000032
:104A50000000000010B51F481F4C0178002914D039
:104A60001EA0FCF767FA20780F2802D322A0FCF7DB
:104A700061FA2E4890ED000ABDE810402CA0B7EE78
:104A8000C00A53EC102BFCF755BA2FA0FCF752FAD2
:104A90002078E0B13148B0F90000B0F5A57F0CD026
:104AA000F7280CD0C5280CD093280CD06E280CD039
:104AB00006212BA0FCF73EFADBE70121F9E70221F2
:104AC000F7E70321F5E70421F3E70521F1E72AA041
:104AD000CDE700000000022001000220B5B1C7B000
:104AE000C4A3CABDCEAAA3BACAD6B6AF20B5F7250D
:104AF00069CFD20D0A000000B6E0B4CEB5F7D5FB01
:104B0000C8D4CEB4B4EFB5BDC4BFB1EABFD5CFD21F
:104B1000D2F4A3ACC7EBBCECB2E9C9E8B6A8CAC7EB
:104B2000B7F1D5FDC8B70D0A00000000140002203F
:104B3000D0E8D2AAB5F7D5FBB5C4BDC7B6C8CEAAD2
:104B400025660D0A00000000B5B1C7B0C4A3CABDF8
:104B5000CEAAA3BAD7D4B6AF2000000032000220FC
:104B6000CAB6B1F0B3F6B5C4C7D9CFD2CEAA2569BB
:104B7000CFD20D0A000000000D0A00002DE9F0411F
:104B80000B4D00240F2788460646305D27EA0001BA
:104B900040EA0140000128604046FFF7A5FE641C82
:104BA000E4B2082CF1D300202860BDE8F0810000B9
:104BB00018040240164810B586B0016841F00201A1
:104BC000016000686946134C00F002000590F02077
:104BD0000090012001900290032003902046FEF7F0
:104BE000E5F8002220461021FEF7D3F900222046E6
:104BF0002021FEF7CEF9002220464021FEF7C9F918
:104C0000002220468021FEF7C4F906B010BD000046
:104C10003038024000040240B5EEC00A70B5F1EE33
:104C200010FA064603D20D4DB1EE400A01E00B4DDD
:104C30000835DFED0B0A20EE200ADFED0A0A80EED0
:104C4000201ABDEEC10A10EE104A04E03146284693
:104C5000FFF794FF641E002CF8DC70BD48000220B2
:104C6000000000440000B44311EE100A32498842AB
:104C700060DDB0EE0C1BB4EEC10BF1EE10FA09DBF7
:104C8000B1EE0A1BB4EEC10BF1EE10FA02D84FF4EC
:104C9000A5707047B2EE011BB4EEC10BF1EE10FA35
:104CA00008DBB2EE071BB4EEC10BF1EE10FA01D82F
:104CB000F7207047B2EE091BB4EEC10BF1EE10FA0B
:104CC00008DBB2EE0F1BB4EEC10BF1EE10FA01D807
:104CD000C52070479FED191BB4EEC10BF1EE10FA21
:104CE00008DB9FED181BB4EEC10BF1EE10FA01D8F2
:104CF000932070479FED151BB4EEC10BF1EE10FA37
:104D000008DB9FED141BB4EEC10BF1EE10FA01D8D5
:104D10006E2070479FED111BB4EEC10BF1EE10FA3F
:104D200008DB9FED101BB4EEC10BF1EE10FA01D8B9
:104D3000522070470020704700009643000000009A
:104D4000008031400000000000803440000000007E
:104D50000080364000000000008039400000000064
:104D600000803B400000000000803E4001280CD045
:104D700002280DD003280DD004280DD005280DD011
:104D800006280DD04FF0FF3070474FF4A5707047E4
:104D9000F7207047C5207047932070476E207047FA
:104DA000522070470B490A4A10B5C1E90020002083
:104DB0008860C860086188610C2048610846FEF779
:104DC00025FEBDE81040044901220248FEF792BECC
:104DD0000010014068E102203C00022010B50029CB
:104DE0000AD00878002807D005487844FCF7F6FC7C
:104DF000002801D0002010BD0248784410BD0000FA
:104E0000628900005A8900004FF00000E1EE100AAC
:104E100070470000064A21EA020120EA0202F1EE90
:104E2000100A20EA020282EA0102E1EE102A70472B
:104E300060603FF6FCF73BBA000000000000000095
:104E40000102030406070809000000000102030430
:104E500000061016000610160004000200060001ED
:104E600000050003000780008004800280068001A6
:104E70008005800380074000400440024006400156
:104E8000400540034007C000C004C002C006C00186
:104E9000C005C003C0072000200420022006200116
:104EA000200520032007A000A004A002A006A00166
:104EB000A005A003A0076000600460026006600116
:104EC000600560036007E000E004E002E006E00146
:104ED000E005E003E00710001004100210061001C6
:104EE00010051003100790009004900290069001A6
:104EF0009005900390075000500450025006500156
:104F0000500550035007D000D004D002D006D00185
:104F1000D005D003D0073000300430023006300115
:104F2000300530033007B000B004B002B006B00165
:104F3000B005B003B0077000700470027006700115
:104F4000700570037007F000F004F002F006F00145
:104F5000F005F003F007080008040802080608013D
:104F60000805080308078800880488028806880165
:104F70008805880388074800480448024806480115
:104F8000480548034807C800C804C802C806C80145
:104F9000C805C803C80728002804280228062801D5
:104FA000280528032807A800A804A802A806A80125
:104FB000A805A803A80768006804680268066801D5
:104FC000680568036807E800E804E802E806E80105
:104FD000E805E803E8071800180418021806180185
:104FE0001805180318079800980498029806980165
:104FF0009805980398075800580458025806580115
:10500000580558035807D800D804D802D806D80144
:10501000D805D803D80738003804380238063801D4
:10502000380538033807B800B804B802B806B80124
:10503000B805B803B80778007804780278067801D4
:10504000780578037807F800F804F802F806F80104
:10505000F805F803F8070400040404020406040138
:105060000405040304078400840484028406840184
:105070008405840384074400440444024406440134
:10508000440544034407C400C404C402C406C40164
:10509000C405C403C40724002404240224062401F4
:1050A000240524032407A400A404A402A406A40144
:1050B000A405A403A40764006404640264066401F4
:1050C000640564036407E400E404E402E406E40124
:1050D000E405E403E40714001404140214061401A4
:1050E0001405140314079400940494029406940184
:1050F0009405940394075400540454025406540134
:10510000540554035407D400D404D402D406D40163
:10511000D405D403D40734003404340234063401F3
:10512000340534033407B400B404B402B406B40143
:10513000B405B403B40774007404740274067401F3
:10514000740574037407F400F404F402F406F40123
:10515000F405F403F4070C000C040C020C060C011B
:105160000C050C030C078C008C048C028C068C0143
:105170008C058C038C074C004C044C024C064C01F3
:105180004C054C034C07CC00CC04CC02CC06CC0123
:10519000CC05CC03CC072C002C042C022C062C01B3
:1051A0002C052C032C07AC00AC04AC02AC06AC0103
:1051B000AC05AC03AC076C006C046C026C066C01B3
:1051C0006C056C036C07EC00EC04EC02EC06EC01E3
:1051D000EC05EC03EC071C001C041C021C061C0163
:1051E0001C051C031C079C009C049C029C069C0143
:1051F0009C059C039C075C005C045C025C065C01F3
:105200005C055C035C07DC00DC04DC02DC06DC0122
:10521000DC05DC03DC073C003C043C023C063C01B2
:105220003C053C033C07BC00BC04BC02BC06BC0102
:10523000BC05BC03BC077C007C047C027C067C01B2
:105240007C057C037C07FC00FC04FC02FC06FC01E2
:10525000FC05FC03FC070200020402020206020134
:105260000205020302078200820482028206820192
:105270008205820382074200420442024206420142
:10528000420542034207C200C204C202C206C20172
:10529000C205C203C2072200220422022206220102
:1052A000220522032207A200A204A202A206A20152
:1052B000A205A203A2076200620462026206620102
:1052C000620562036207E200E204E202E206E20132
:1052D000E205E203E20712001204120212061201B2
:1052E0001205120312079200920492029206920192
:1052F0009205920392075200520452025206520142
:10530000520552035207D200D204D202D206D20171
:10531000D205D203D2073200320432023206320101
:10532000320532033207B200B204B202B206B20151
:10533000B205B203B2077200720472027206720101
:10534000720572037207F200F204F202F206F20131
:10535000F205F203F2070A000A040A020A060A0129
:105360000A050A030A078A008A048A028A068A0151
:105370008A058A038A074A004A044A024A064A0101
:105380004A054A034A07CA00CA04CA02CA06CA0131
:10539000CA05CA03CA072A002A042A022A062A01C1
:1053A0002A052A032A07AA00AA04AA02AA06AA0111
:1053B000AA05AA03AA076A006A046A026A066A01C1
:1053C0006A056A036A07EA00EA04EA02EA06EA01F1
:1053D000EA05EA03EA071A001A041A021A061A0171
:1053E0001A051A031A079A009A049A029A069A0151
:1053F0009A059A039A075A005A045A025A065A0101
:105400005A055A035A07DA00DA04DA02DA06DA0130
:10541000DA05DA03DA073A003A043A023A063A01C0
:105420003A053A033A07BA00BA04BA02BA06BA0110
:10543000BA05BA03BA077A007A047A027A067A01C0
:105440007A057A037A07FA00FA04FA02FA06FA01F0
:10545000FA05FA03FA070600060406020606060124
:105460000605060306078600860486028606860170
:105470008605860386074600460446024606460120
:10548000460546034607C600C604C602C606C60150
:10549000C605C603C60726002604260226062601E0
:1054A000260526032607A600A604A602A606A60130
:1054B000A605A603A60766006604660266066601E0
:1054C000660566036607E600E604E602E606E60110
:1054D000E605E603E6071600160416021606160190
:1054E0001605160316079600960496029606960170
:1054F0009605960396075600560456025606560120
:10550000560556035607D600D604D602D606D6014F
:10551000D605D603D60736003604360236063601DF
:10552000360536033607B600B604B602B606B6012F
:10553000B605B603B60776007604760276067601DF
:10554000760576037607F600F604F602F606F6010F
:10555000F605F603F6070E000E040E020E060E0107
:105560000E050E030E078E008E048E028E068E012F
:105570008E058E038E074E004E044E024E064E01DF
:105580004E054E034E07CE00CE04CE02CE06CE010F
:10559000CE05CE03CE072E002E042E022E062E019F
:1055A0002E052E032E07AE00AE04AE02AE06AE01EF
:1055B000AE05AE03AE076E006E046E026E066E019F
:1055C0006E056E036E07EE00EE04EE02EE06EE01CF
:1055D000EE05EE03EE071E001E041E021E061E014F
:1055E0001E051E031E079E009E049E029E069E012F
:1055F0009E059E039E075E005E045E025E065E01DF
:105600005E055E035E07DE00DE04DE02DE06DE010E
:10561000DE05DE03DE073E003E043E023E063E019E
:105620003E053E033E07BE00BE04BE02BE06BE01EE
:10563000BE05BE03BE077E007E047E027E067E019E
:105640007E057E037E07FE00FE04FE02FE06FE01CE
:10565000FE05FE03FE0701000000803F0000000081
:10566000ECFF7F3FD40FC93AB1FF7F3FC70F493BE3
:105670004EFF7F3FC1CB963BC4FE7F3F890FC93BA6
:1056800013FE7F3F3053FB3B39FD7F3F59CB163C28
:1056900039FC7F3F02ED2F3C11FB7F3F900E493CD0
:1056A000C1F97F3F0030623C4AF87F3F4B517B3C61
:1056B000ACF67F3F38398A3CE6F47F3FB6C9963C6A
:1056C000F8F27F3F1C5AA33CE3F07F3F69EAAF3C0E
:1056D000A7EE7F3F9B7ABC3C43EC7F3FB00AC93CBE
:1056E000B8E97F3FA69AD53C05E77F3F7B2AE23C9D
:1056F0002BE47F3F2DBAEE3C29E17F3FB949FB3CCB
:1057000000DE7F3F90EC033DAFDA7F3F2F340A3D50
:1057100037D77F3FB87B103D98D37F3F2CC3163DD2
:10572000D1CF7F3F880A1D3DE2CB7F3FCC51233D47
:10573000CCC77F3FF698293D8FC37F3F07E02F3DC1
:105740002ABF7F3FFC26363D9EBA7F3FD56D3C3D4C
:10575000EAB57F3F91B4423D0FB17F3F2FFB483DFB
:105760000DAC7F3FAF414F3DE3A67F3F0E88553DD7
:1057700091A17F3F4CCE5B3D189C7F3F6814623DFA
:1057800078967F3F625A683DB1907F3F38A06E3D6A
:10579000C28A7F3FE9E5743DAB847F3F742B7B3D3C
:1057A0006D7E7F3F6CB8803D08787F3F0ADB833D8C
:1057B0007B717F3F94FD863DC76A7F3F0A208A3D0B
:1057C000EC637F3F6A428D3DE95C7F3FB464903D6E
:1057D000BF557F3FE786933D6D4E7F3F05A9963DC0
:1057E000F4467F3F0ACB993D543F7F3FF9EC9C3D07
:1057F0008D377F3FCF0EA03D9D2F7F3F8C30A33D47
:1058000087277F3F3052A63D491F7F3FBA73A93D8E
:10581000E4167F3F2B95AC3D580E7F3F80B6AF3DE1
:10582000A4057F3FBBD7B23DC9FC7E3FDAF8B53D4A
:10583000C7F37E3FDD19B93D9DEA7E3FC33ABC3DCB
:105840004CE17E3F8D5BBF3DD4D77E3F397CC23D6E
:1058500034CE7E3FC69CC53D6DC47E3F36BDC83D3F
:105860007FBA7E3F86DDCB3D69B07E3FB7FDCE3D42
:105870002DA67E3FC81DD23DC99B7E3FB93DD53D7B
:105880003D917E3F895DD83D8B867E3F377DDB3DF8
:10589000B17B7E3FC49CDE3DB0707E3F2EBCE13DBF
:1058A00088657E3F76DBE43D385A7E3F9AFAE73DD5
:1058B000C14E7E3F9A19EB3D23437E3F7638EE3D45
:1058C0005E377E3F2E57F13D722B7E3FC075F43D13
:1058D0005E1F7E3F2C94F73D24137E3F73B2FA3D4A
:1058E000C2067E3F92D0FD3D38FA7D3F4577003EAF
:1058F00088ED7D3F2E06023EB1E07D3F0295033EDE
:10590000B2D37D3FC223053E8CC67D3F6EB2063EBC
:1059100040B97D3F0541083ECCAB7D3F86CF093E77
:10592000309E7D3FF35D0B3E6E907D3F4AEC0C3E1A
:1059300085827D3F8B7A0E3E74747D3FB708103EA2
:105940003D667D3FCC96113EDE577D3FCA24133E17
:1059500059497D3FB2B2143EAC3A7D3F8340163E7A
:10596000D82B7D3F3DCE173EDD1C7D3FE05B193ED1
:10597000BC0D7D3F6BE91A3E73FE7C3FDE761C3E1C
:1059800003EF7C3F38041E3E6CDF7C3F7B911F3E63
:10599000AECF7C3FA51E213EC9BF7C3FB6AB223EA9
:1059A000BDAF7C3FAD38243E8A9F7C3F8CC5253EF1
:1059B000318F7C3F5152273EB07E7C3FFCDE283E3B
:1059C000086E7C3F8D6B2A3E3A5D7C3F04F82B3E8F
:1059D000444C7C3F61842D3E283B7C3FA2102F3EEF
:1059E000E5297C3FC99C303E7A187C3FD428323E62
:1059F000E9067C3FC4B4333E31F57B3F9840353EE9
:105A000053E37B3F50CC363E4DD17B3FEC57383E85
:105A100020BF7B3F6CE3393ECDAC7B3FCF6E3B3E3E
:105A2000539A7B3F15FA3C3EB2877B3F3E853E3E14
:105A3000EA747B3F4910403EFC617B3F379B413E0F
:105A4000E74E7B3F0726433EAB3B7B3FB9B0443E2E
:105A500048287B3F4D3B463EBE147B3FC2C5473E78
:105A60000E017B3F1850493E37ED7A3F4FDA4A3EF0
:105A70003AD97A3F67644C3E16C57A3F60EE4D3E98
:105A8000CBB07A3F38784F3E599C7A3FF101513E76
:105A9000C1877A3F898B523E02737A3F0115543E8B
:105AA0001C5E7A3F589E553E10497A3F8F27573EDD
:105AB000DD337A3FA4B0583E841E7A3F97395A3E70
:105AC00004097A3F6AC25B3E5EF3793F1A4B5D3E42
:105AD00091DD793FA8D35E3E9DC7793F135C603E60
:105AE00083B1793F5CE4613E439B793F836C633EC5
:105AF000DC84793F86F4643E4E6E793F667C663E78
:105B00009A57793F2204683EC040793FBA8B693E7C
:105B1000BF29793F2F136B3E9812793F7F9A6C3ED5
:105B20004AFB783FAB216E3ED6E3783FB2A86F3E8A
:105B30003BCC783F942F713E7BB4783F51B6723E98
:105B4000939C783FE83C743E8684783F5AC3753E08
:105B5000526C783FA649773EF853783FCCCF783ED9
:105B6000773B783FCB557A3ED122783FA4DB7B3E12
:105B7000040A783F56617D3E10F1773FE1E67E3EB4
:105B8000F7D7773F2236803EB7BE773FC0F8803EDA
:105B900051A5773F4ABB813EC58B773FC07D823E92
:105BA0001372773F2240833E3A58773F7002843E1B
:105BB0003C3E773FAAC4843E1724773FCE86853E7D
:105BC000CC09773FDF48863E5BEF763FDA0A873EB7
:105BD000C4D4763FC1CC873E07BA763F938E883EC9
:105BE000249F763F5050893E1B84763FF8118A3EB1
:105BF000EC68763F8AD38A3E974D763F07958B3E79
:105C00001B32763F6E568C3E7A16763FC0178D3E1D
:105C1000B3FA753FFCD88D3EC6DE753F229A8E3EA4
:105C2000B3C2753F325B8F3E7BA6753F2C1C903E06
:105C30001C8A753F10DD903E976D753FDD9D913E4E
:105C4000ED50753F945E923E1D34753F351F933E77
:105C50002717753FBFDF933E0BFA743F31A0943E88
:105C6000C9DC743F8D60953E62BF743FD220963E82
:105C7000D5A1743F00E1963E2284743F17A1973E60
:105C80004966743F1661983E4B48743FFE20993E2A
:105C9000272A743FCEE0993EDD0B743F86A09A3EE2
:105CA0006EED733F27609B3ED9CE733FAF1F9C3E86
:105CB0001FB0733F20DF9C3E3F91733F789E9D3E17
:105CC0003972733FB85D9E3E0E53733FDF1C9F3E9B
:105CD000BE33733FEEDB9F3E4714733FE59AA03E11
:105CE000ACF4723FC259A13EEBD4723F8718A23E7A
:105CF00004B5723F33D7A23EF894723FC595A33ED8
:105D0000C774723F3F54A43E7054723F9F12A53E29
:105D1000F433723FE5D0A53E5213723F128FA63E78
:105D20008CF2713F254DA73E9FD1713F1F0BA83EBE
:105D30008EB0713FFEC8A83E578F713FC486A93E02
:105D4000FB6D713F6F44AA3E7A4C713F0102AB3E3E
:105D5000D42A713F77BFAB3E0809713FD47CAC3E7B
:105D600017E7703F153AAD3E02C5703F3CF7AD3EB8
:105D7000C6A2703F49B4AE3E6680703F3A71AF3EF6
:105D8000E15D703F102EB03E373B703FCBEAB03E36
:105D90006718703F6BA7B13E73F56F3FEF63B23E7C
:105DA0005AD26F3F5820B33E1BAF6F3FA5DCB33EC6
:105DB000B88B6F3FD698B43E30686F3FEC54B53E19
:105DC00083446F3FE610B63EB0206F3FC3CCB63E73
:105DD000BAFC6E3F8488B73E9ED86E3F2A44B83ED8
:105DE0005DB46E3FB2FFB83EF88F6E3F1EBBB93E4A
:105DF0006D6B6E3F6E76BA3EBE466E3FA031BB3EC7
:105E0000EB216E3FB6ECBB3EF2FC6D3FAFA7BC3E54
:105E1000D5D76D3F8B62BD3E93B26D3F4A1DBE3EEE
:105E20002D8D6D3FEBD7BE3EA1676D3F6F92BF3E9C
:105E3000F2416D3FD54CC03E1D1C6D3F1E07C13E5B
:105E400024F66C3F48C1C13E07D06C3F557BC23E33
:105E5000C5A96C3F4435C33E5E836C3F15EFC33E1E
:105E6000D45C6C3FC8A8C43E24366C3F5C62C53E1F
:105E7000500F6C3FD21BC63E58E86B3F29D5C63E3B
:105E80003BC16B3F628EC73EFB996B3F7C47C83E70
:105E900095726B3F7700C93E0C4B6B3F53B9C93EBF
:105EA0005E236B3F1072CA3E8CFB6A3FAE2ACB3E2C
:105EB00095D36A3F2CE3CB3E7BAB6A3F8B9BCC3EBA
:105EC0003C836A3FCA53CD3ED95A6A3FEA0BCE3E65
:105ED00052326A3FEAC3CE3EA7096A3FCA7BCF3E31
:105EE000D7E0693F8A33D03EE4B7693F2AEBD03E22
:105EF000CC8E693FAAA2D13E9165693F095AD23E34
:105F0000323C693F4811D33EAE12693F67C8D33E69
:105F100007E9683F647FD43E3CBF683F4136D53EC9
:105F20004C95683FFDECD53E396B683F99A3D63E52
:105F30000341683F135AD73EA816683F6B10D83EFE
:105F40002AEC673FA3C6D83E87C1673FB97CD93EDC
:105F5000C196673FAD32DA3ED86B673F80E8DA3EE4
:105F6000CA40673F319EDB3E9915673FC153DC3E17
:105F700045EA663F2E09DD3ECCBE663F79BEDD3E7A
:105F80003093663FA273DE3E7167663FA928DF3E0D
:105F90008E3B663F8DDDDF3E880F663F4F92E03ED1
:105FA0005EE3653FEE46E13E10B7653F6AFBE13ECA
:105FB000A08A653FC4AFE23E0B5E653FFA63E33EF5
:105FC0005431653F0E18E43E7904653FFECBE43E54
:105FD0007BD7643FCB7FE53E59AA643F7533E63EED
:105FE000147D643FFBE6E63EAC4F643F5D9AE73EBE
:105FF0002122643F9C4DE83E73F4633FB700E93EC5
:10600000A1C6633FAEB3E93EAC98633F8166EA3E0A
:10601000956A633F3019EB3E5A3C633FBBCBEB3E86
:10602000FC0D633F217EEC3E7BDF623F6330ED3E43
:10603000D7B0623F80E2ED3E1082623F7994EE3E3F
:106040002653623F4C46EF3E1A24623FFBF7EF3E79
:10605000EAF4613F85A9F03E98C5613FEA5AF13EF6
:106060002296613F290CF23E8A66613F43BDF23EB3
:10607000D036613F386EF33EF206613F071FF43EB3
:10608000F2D6603FB1CFF43ECFA6603F3580F53EFB
:106090008976603F9330F63E2146603FCBE0F63E86
:1060A0009615603FDC90F73EE9E45F3FC840F83E5C
:1060B00019B45F3F8EF0F83E27835F3F2DA0F93E75
:1060C00012525F3FA54FFA3EDB205F3FF7FEFA3EDC
:1060D00081EF5E3F22AEFB3E05BE5E3F275DFC3E8C
:1060E000678C5E3F040CFD3EA65A5E3FBBBAFD3E88
:1060F000C3285E3F4A69FE3EBEF65D3FB217FF3ED3
:1061000097C45D3FF3C5FF3E4D925D3F063A003FA9
:10611000E15F5D3FFF90003F532D5D3FE4E7003FAF
:10612000A3FA5C3FB53E013FD1C75C3F7395013F89
:10613000DD945C3F1CEC013FC7615C3FB142023F14
:106140008E2E5C3F3299023F34FB5B3F9FEF023F54
:10615000B8C75B3FF845033F1A945B3F3D9C033F44
:106160005A605B3F6DF2033F792C5B3F8948043FE7
:1061700075F85A3F919E043F50C45A3F84F4043F3F
:1061800009905A3F624A053FA05B5A3F2CA0053F49
:1061900016275A3FE2F5053F6AF2593F824B063F08
:1061A0009CBD593F0EA1063FAD88593F86F6063F7C
:1061B0009C53593FE84B073F6A1E593F36A1073FA2
:1061C00017E9583F6FF6073FA1B3583F924B083F7E
:1061D0000B7E583FA1A0083F5348583F9BF5083F0E
:1061E0007912583F7F4A093F7FDC573F4E9F093F56
:1061F00063A6573F09F4093F2670573FAD480A3F51
:10620000C739573F3D9D0A3F4803573FB7F10A3F03
:10621000A7CC563F1C460B3FE595563F6B9A0B3F6C
:10622000025F563FA5EE0B3FFE27563FC9420C3F8B
:10623000D9F0553FD7960C3F93B9553FD0EA0C3F64
:106240002C82553FB33E0D3FA44A553F81920D3FEE
:10625000FB12553F38E60D3F31DB543FDA390E3F34
:1062600047A3543F658D0E3F3B6B543FDBE00E3F31
:106270000F33543F3B340F3FC3FA533F84870F3FE4
:1062800055C2533FB8DA0F3FC789533FD52D103F52
:106290001851533FDC80103F4918533FCDD3103F76
:1062A00059DF523FA726113F49A6523F6B79113F54
:1062B000186D523F19CC113FC633523FB01E123FEA
:1062C00054FA513F3071123FC2C0513F9AC3123F3E
:1062D0001087513FEE15133F3D4D513F2A68133F44
:1062E0004A13513F50BA133F37D9503F5F0C143F08
:1062F000039F503F585E143FAF64503F39B0143F86
:106300003B2A503F0402153FA8EF4F3FB753153FBC
:10631000F4B44F3F54A5153F1F7A4F3FD9F6153FB0
:106320002B3F4F3F4748163F17044F3F9F99163F5B
:10633000E4C84E3FDFEA163F908D4E3F073C173FC3
:106340001C524E3F188D173F89164E3F12DE173FE5
:10635000D5DA4D3FF52E183F029F4D3FC07F183FC5
:1063600010634D3F73D0183FFD264D3F0F21193F5D
:10637000CBEA4C3F9471193F79AE4C3F00C2193FB4
:1063800008724C3F55121A3F78354C3F93621A3FC2
:10639000C7F84B3FB8B21A3FF8BB4B3FC6021B3F92
:1063A000097F4B3FBB521B3FFA414B3F99A21B3F1A
:1063B000CC044B3F5FF21B3F7FC74A3F0C421C3F60
:1063C000138A4A3FA2911C3F874C4A3F1FE11C3F62
:1063D000DC0E4A3F84301D3F12D1493FD17F1D3F23
:1063E0002993493F06CF1D3F2155493F221E1E3F9D
:1063F000FA16493F266D1E3FB3D8483F12BC1E3FD8
:106400004E9A483FE50A1F3FCA5B483F9F591F3FCE
:10641000271D483F41A81F3F65DE473FCBF61F3F82
:10642000849F473F3B45203F8560473F9393203FF4
:106430006721473FD2E1203F2AE2463FF92F213F23
:10644000CEA2463F067E213F5463463FFBCB213F11
:10645000BB23463FD719223F03E4453F9967223FBC
:106460002DA4453F43B5223F3964453FD302233F26
:106470002624453F4B50233FF5E3443FA99D233F4E
:10648000A5A3443FEEEA233F3763443F1A38243F35
:10649000AB22443F2C85243F00E2433F25D2243FDA
:1064A00038A1433F041F253F5160433FCB6B253F3D
:1064B0004C1F433F77B8253F29DE423F0A05263F60
:1064C000E89C423F8451263F895B423FE39D263F43
:1064D0000B1A423F2AEA263F70D8413F5636273FE3
:1064E000B796413F6882273FE154413F61CE273F45
:1064F000EC12413F401A283FDAD0403F0566283F62
:10650000A98E403FB0B1283F5C4C403F41FD283F41
:10651000F009403FB848293F67C73F3F1594293FDE
:10652000C0843F3F57DF293FFC413F3F802A2A3F3D
:106530001BFF3E3F8E752A3F1BBC3E3F82C02A3F59
:10654000FF783E3F5B0B2B3FC5353E3F1B562B3F35
:106550006EF23D3FBFA02B3FF9AE3D3F4AEB2B3FD4
:10656000676B3D3FB9352C3FB8273D3F0F802C3F2F
:10657000ECE33C3F49CA2C3F03A03C3F69142D3F4C
:10658000FC5B3C3F6F5E2D3FD9173C3F59A82D3F28
:1065900098D33B3F29F22D3F3B8F3B3FDE3B2E3FC5
:1065A000C14A3B3F78852E3F29063B3FF7CE2E3F21
:1065B00075C13A3F5B182F3FA47C3A3FA5612F3F3E
:1065C000B7373A3FD3AA2F3FACF2393FE6F32F3F1C
:1065D00085AD393FDE3C303F4268393FBB85303FB7
:1065E000E122393F7CCE303F65DD383F2217313F15
:1065F000CB97383FAD5F313F1652383F1DA8313F32
:10660000430C383F71F0313F55C6373FAA38323F0F
:106610004A80373FC780323F233A373FC9C8323FAD
:10662000DFF3363FAF10333F7FAD363F7A58333F0D
:106630000467363F29A0333F6C20363FBCE7333F29
:10664000B8D9353F342F343FE792353F8F76343F0A
:10665000FB4B353FCFBD343FF304353FF304353FAB
:10666000CFBD343FFB4B353F8F76343FE792353F0C
:10667000342F343FB8D9353FBCE7333F6C20363F29
:1066800029A0333F0467363F7A58333F7FAD363F0A
:10669000AF10333FDFF3363FC9C8323F233A373FAD
:1066A000C780323F4A80373FAA38323F55C6373F0E
:1066B00071F0313F430C383F1DA8313F1652383F2F
:1066C000AD5F313FCB97383F2217313F65DD383F13
:1066D0007CCE303FE122393FBB85303F4268393FB5
:1066E000DE3C303F85AD393FE6F32F3FACF2393F1A
:1066F000D3AA2F3FB7373A3FA5612F3FA47C3A3F3B
:106700005B182F3F75C13A3FF7CE2E3F29063B3F1E
:1067100078852E3FC14A3B3FDE3B2E3F3B8F3B3FC0
:1067200029F22D3F98D33B3F59A82D3FD9173C3F25
:106730006F5E2D3FFC5B3C3F69142D3F03A03C3F47
:1067400049CA2C3FECE33C3F0F802C3FB8273D3F2C
:10675000B9352C3F676B3D3F4AEB2B3FF9AE3D3FD0
:10676000BFA02B3F6EF23D3F1B562B3FC5353E3F32
:106770005B0B2B3FFF783E3F82C02A3F1BBC3E3F56
:106780008E752A3F1BFF3E3F802A2A3FFC413F3F38
:1067900057DF293FC0843F3F1594293F67C73F3FDC
:1067A000B848293FF009403F41FD283F5C4C403F3D
:1067B000B0B1283FA98E403F0566283FDAD0403F60
:1067C000401A283FEC12413F61CE273FE154413F40
:1067D0006882273FB796413F5636273F70D8413FE2
:1067E0002AEA263F0B1A423FE39D263F895B423F40
:1067F0008451263FE89C423F0A05263F29DE423F5E
:1068000077B8253F4C1F433FCB6B253F5160433F3B
:10681000041F253F38A1433F25D2243F00E2433FD8
:106820002C85243FAB22443F1A38243F3763443F32
:10683000EEEA233FA5A3443FA99D233FF5E3443F50
:106840004B50233F2624453FD302233F3964453F25
:1068500043B5223F2DA4453F9967223F03E4453FBE
:10686000D719223FBB23463FFBCB213F5463463F12
:10687000067E213FCEA2463FF92F213F2AE2463F26
:10688000D2E1203F6721473F9393203F8560473FF8
:106890003B45203F849F473FCBF61F3F65DE473F88
:1068A00041A81F3F271D483F9F591F3FCA5B483FD4
:1068B000E50A1F3F4E9A483F12BC1E3FB3D8483FDF
:1068C000266D1E3FFA16493F221E1E3F2155493FA5
:1068D00006CF1D3F2993493FD17F1D3F12D1493F2C
:1068E00084301D3FDC0E4A3F1FE11C3F874C4A3F6E
:1068F000A2911C3F138A4A3F0C421C3F7FC74A3F6C
:106900005FF21B3FCC044B3F99A21B3FFA414B3F28
:10691000BB521B3F097F4B3FC6021B3FF8BB4B3F9F
:10692000B8B21A3FC7F84B3F93621A3F78354C3FD5
:1069300055121A3F08724C3F00C2193F79AE4C3FC6
:106940009471193FCBEA4C3F0F21193FFD264D3F73
:1069500073D0183F10634D3FC07F183F029F4D3FDB
:10696000F52E183FD5DA4D3F12DE173F89164E3F00
:10697000188D173F1C524E3F073C173F908D4E3FDE
:10698000DFEA163FE4C84E3F9F99163F17044F3F7A
:106990004748163F2B3F4F3FD9F6153F1F7A4F3FD1
:1069A00054A5153FF4B44F3FB753153FA8EF4F3FE1
:1069B0000402153F3B2A503F39B0143FAF64503FAB
:1069C000585E143F039F503F5F0C143F37D9503F30
:1069D00050BA133F4A13513F2A68133F3D4D513F70
:1069E000EE15133F1087513F9AC3123FC2C0513F6B
:1069F0003071123F54FA513FB01E123FC633523F1E
:106A000019CC113F186D523F6B79113F49A6523F87
:106A1000A726113F59DF523FCDD3103F4918533FAE
:106A2000DC80103F1851533FD52D103FC789533F8D
:106A3000B8DA0F3F55C2533F84870F3FC3FA533F25
:106A40003B340F3F0F33543FDBE00E3F3B6B543F73
:106A5000658D0E3F47A3543FDA390E3F31DB543F7B
:106A600038E60D3FFB12553F81920D3FA44A553F3A
:106A7000B33E0D3F2C82553FD0EA0C3F93B9553FB2
:106A8000D7960C3FD9F0553FC9420C3FFE27563FE1
:106A9000A5EE0B3F025F563F6B9A0B3FE595563FC5
:106AA0001C460B3FA7CC563FB7F10A3F4803573F60
:106AB0003D9D0A3FC739573FAD480A3F2670573FB3
:106AC00009F4093F63A6573F4E9F093F7FDC573FBC
:106AD0007F4A093F7912583F9BF5083F5348583F7A
:106AE000A1A0083F0B7E583F924B083FA1B3583FEF
:106AF0006FF6073F17E9583F36A1073F6A1E593F17
:106B0000E84B073F9C53593F86F6063FAD88593FF7
:106B10000EA1063F9CBD593F824B063F6AF2593F8A
:106B2000E2F5053F16275A3F2CA0053FA05B5A3FD0
:106B3000624A053F09905A3F84F4043F50C45A3FCB
:106B4000919E043F75F85A3F8948043F792C5B3F7A
:106B50006DF2033F5A605B3F3D9C033F1A945B3FDD
:106B6000F845033FB8C75B3F9FEF023F34FB5B3FF5
:106B70003299023F8E2E5C3FB142023FC7615C3FBB
:106B80001CEC013FDD945C3F7395013FD1C75C3F36
:106B9000B53E013FA3FA5C3FE4E7003F532D5D3F64
:106BA000FF90003FE15F5D3F063A003F4D925D3F41
:106BB000F3C5FF3E97C45D3FB217FF3EBEF65D3F93
:106BC0004A69FE3EC3285E3FBBBAFD3EA65A5E3F01
:106BD000040CFD3E678C5E3F275DFC3E05BE5E3FBC
:106BE00022AEFB3E81EF5E3FF7FEFA3EDB205F3FC9
:106BF000A54FFA3E12525F3F2DA0F93E27835F3F1B
:106C00008EF0F83E19B45F3FC840F83EE9E45F3FBC
:106C1000DC90F73E9615603FCBE0F63E2146603FA4
:106C20009330F63E8976603F3580F53ECFA6603FD3
:106C3000B1CFF43EF2D6603F071FF43EF206613F4B
:106C4000386EF33ED036613F43BDF23E8A66613F07
:106C5000290CF23E2296613FEA5AF13E98C5613F07
:106C600085A9F03EEAF4613FFBF7EF3E1A24623F4C
:106C70004C46EF3E2653623F7994EE3E1082623FCF
:106C800080E2ED3ED7B0623F6330ED3E7BDF623F96
:106C9000217EEC3EFC0D633FBBCBEB3E5A3C633F99
:106CA0003019EB3E956A633F8166EA3EAC98633FDC
:106CB000AEB3E93EA1C6633FB700E93E73F4633F5C
:106CC0009C4DE83E2122643F5D9AE73EAC4F643F15
:106CD000FBE6E63E147D643F7533E63E59AA643F09
:106CE000CB7FE53E7BD7643FFECBE43E7904653F36
:106CF0000E18E43E5431653FFA63E33E0B5E653F98
:106D0000C4AFE23EA08A653F6AFBE13E10B7653F33
:106D1000EE46E13E5EE3653F4F92E03E880F663F00
:106D20008DDDDF3E8E3B663FA928DF3E7167663F03
:106D3000A273DE3E3093663F79BEDD3ECCBE663F39
:106D40002E09DD3E45EA663FC153DC3E9915673F9B
:106D5000319EDB3ECA40673F80E8DA3ED86B673F32
:106D6000AD32DA3EC196673FB97CD93E87C1673FF5
:106D7000A3C6D83E2AEC673F6B10D83EA816683FE2
:106D8000135AD73E0341683F99A3D63E396B683FFB
:106D9000FDECD53E4C95683F4136D53E3CBF683F43
:106DA000647FD43E07E9683F67C8D33EAE12693FAF
:106DB0004811D33E323C693F095AD23E9165693F42
:106DC000AAA2D13ECC8E693F2AEBD03EE4B7693F00
:106DD0008A33D03ED7E0693FCA7BCF3EA7096A3FDE
:106DE000EAC3CE3E52326A3FEA0BCE3ED95A6A3FE0
:106DF000CA53CD3E3C836A3F8B9BCC3E7BAB6A3F04
:106E00002CE3CB3E95D36A3FAE2ACB3E8CFB6A3F48
:106E10001072CA3E5E236B3F53B9C93E0C4B6B3FA9
:106E20007700C93E95726B3F7C47C83EFB996B3F2C
:106E3000628EC73E3BC16B3F29D5C63E58E86B3FCB
:106E4000D21BC63E500F6C3F5C62C53E24366C3F81
:106E5000C8A8C43ED45C6C3F15EFC33E5E836C3F54
:106E60004435C33EC5A96C3F557BC23E07D06C3F3D
:106E700048C1C13E24F66C3F1E07C13E1D1C6D3F3C
:106E8000D54CC03EF2416D3F6F92BF3EA1676D3F52
:106E9000EBD7BE3E2D8D6D3F4A1DBE3E93B26D3F7A
:106EA0008B62BD3ED5D76D3FAFA7BC3EF2FC6D3FB8
:106EB000B6ECBB3EEB216E3FA031BB3EBE466E3F03
:106EC0006E76BA3E6D6B6E3F1EBBB93EF88F6E3F5D
:106ED000B2FFB83E5DB46E3F2A44B83E9ED86E3FC6
:106EE0008488B73EBAFC6E3FC3CCB63EB0206F3F3D
:106EF000E610B63E83446F3FEC54B53E30686F3FBA
:106F0000D698B43EB88B6F3FA5DCB33E1BAF6F3F46
:106F10005820B33E5AD26F3FEF63B23E73F56F3FD6
:106F20006BA7B13E6718703FCBEAB03E373B703F6E
:106F3000102EB03EE15D703F3A71AF3E6680703F0B
:106F400049B4AE3EC6A2703F3CF7AD3E02C5703FAD
:106F5000153AAD3E17E7703FD47CAC3E0809713F4F
:106F600077BFAB3ED42A713F0102AB3E7A4C713FF2
:106F70006F44AA3EFB6D713FC486A93E578F713F97
:106F8000FEC8A83E8EB0713F1F0BA83E9FD1713F37
:106F9000254DA73E8CF2713F128FA63E5213723FD1
:106FA000E5D0A53EF433723F9F12A53E7054723F68
:106FB0003F54A43EC774723FC595A33EF894723FF8
:106FC00033D7A23E04B5723F8718A23EEBD4723F7E
:106FD000C259A13EACF4723FE59AA03E4714733FFC
:106FE000EEDB9F3EBE33733FDF1C9F3E0E53733F6D
:106FF000B85D9E3E3972733F789E9D3E3F91733FD0
:1070000020DF9C3E1FB0733FAF1F9C3ED9CE733F25
:1070100027609B3E6EED733F86A09A3EDD0B743F6A
:10702000CEE0993E272A743FFE20993E4B48743F9C
:107030001661983E4966743F17A1973E2284743FBB
:1070400000E1963ED5A1743FD220963E62BF743FC8
:107050008D60953EC9DC743F31A0943E0BFA743FBD
:10706000BFDF933E2717753F351F933E1D34753F95
:10707000945E923EED50753FDD9D913E976D753F5C
:1070800010DD903E1C8A753F2C1C903E7BA6753F00
:10709000325B8F3EB3C2753F229A8E3EC6DE753F8D
:1070A000FCD88D3EB3FA753FC0178D3E7A16763FF9
:1070B0006E568C3E1B32763F07958B3E974D763F42
:1070C0008AD38A3EEC68763FF8118A3E1B84763F6D
:1070D0005050893E249F763F938E883E07BA763F74
:1070E000C1CC873EC4D4763FDA0A873E5BEF763F59
:1070F000DF48863ECC09773FCE86853E1724773F12
:10710000AAC4843E3C3E773F7002843E3A58773FA3
:107110002240833E1372773FC07D823EC58B773F0E
:107120004ABB813E51A5773FC0F8803EB7BE773F4E
:107130002236803EF7D7773FE1E67E3E10F1773F7B
:1071400056617D3E040A783FA4DB7B3ED122783F26
:10715000CB557A3E773B783FCCCF783EF853783F9B
:10716000A649773E526C783F5AC3753E8684783F75
:10717000E83C743E939C783F51B6723E7BB4783FB6
:10718000942F713E3BCC783FB2A86F3ED6E3783F58
:10719000AB216E3E4AFB783F7F9A6C3E9812793F56
:1071A0002F136B3EBF29793FBA8B693EC040793FB0
:1071B0002204683E9A57793F667C663E4E6E793F60
:1071C00086F4643EDC84793F836C633E439B793F65
:1071D0005CE4613E83B1793F135C603E9DC7793FBB
:1071E000A8D35E3E91DD793F1A4B5D3E5EF3793F59
:1071F0006AC25B3E04097A3F97395A3E841E7A3F41
:10720000A4B0583EDD337A3F8F27573E10497A3F6E
:10721000589E553E1C5E7A3F0115543E02737A3FDC
:10722000898B523EC1877A3FF101513E599C7A3F8A
:1072300038784F3ECBB07A3F60EE4D3E16C57A3F70
:1072400067644C3E3AD97A3F4FDA4A3E37ED7A3F8F
:107250001850493E0E017B3FC2C5473EBE147B3FDE
:107260004D3B463E48287B3FB9B0443EAB3B7B3F5D
:107270000726433EE74E7B3F379B413EFC617B3F09
:107280004910403EEA747B3F3E853E3EB2877B3FDD
:1072900015FA3C3E539A7B3FCF6E3B3ECDAC7B3FD5
:1072A0006CE3393E20BF7B3FEC57383E4DD17B3FEE
:1072B00050CC363E53E37B3F9840353E31F57B3F23
:1072C000C4B4333EE9067C3FD428323E7A187C3F72
:1072D000C99C303EE5297C3FA2102F3E283B7C3FD5
:1072E00061842D3E444C7C3F04F82B3E3A5D7C3F4C
:1072F0008D6B2A3E086E7C3FFCDE283EB07E7C3FD4
:107300005152273E318F7C3F8CC5253E8A9F7C3F62
:10731000AD38243EBDAF7C3FB6AB223EC9BF7C3FFB
:10732000A51E213EAECF7C3F7B911F3E6CDF7C3F94
:1073300038041E3E03EF7C3FDE761C3E73FE7C3F2E
:107340006BE91A3EBC0D7D3FE05B193EDD1C7D3FC5
:107350003DCE173ED82B7D3F8340163EAC3A7D3F55
:10736000B2B2143E59497D3FCA24133EDE577D3FD9
:10737000CC96113E3D667D3FB708103E74747D3F4C
:107380008B7A0E3E85827D3F4AEC0C3E6E907D3FAF
:10739000F35D0B3E309E7D3F86CF093ECCAB7D3FFB
:1073A0000541083E40B97D3F6EB2063E8CC67D3F2A
:1073B000C223053EB2D37D3F0295033EB1E07D3F3F
:1073C0002E06023E88ED7D3F4577003E38FA7D3F30
:1073D00092D0FD3DC2067E3F73B2FA3D24137E3F3C
:1073E0002C94F73D5E1F7E3FC075F43D722B7E3FAF
:1073F0002E57F13D5E377E3F7638EE3D23437E3F8C
:107400009A19EB3DC14E7E3F9AFAE73D385A7E3FCE
:1074100076DBE43D88657E3F2EBCE13DB0707E3F6B
:10742000C49CDE3DB17B7E3F377DDB3D8B867E3F5E
:10743000895DD83D3D917E3FB93DD53DC99B7E3F9D
:10744000C81DD23D2DA67E3FB7FDCE3D69B07E3F23
:1074500086DDCB3D7FBA7E3F36BDC83D6DC47E3FE5
:10746000C69CC53D34CE7E3F397CC23DD4D77E3FDD
:107470008D5BBF3D4CE17E3FC33ABC3D9DEA7E3F04
:10748000DD19B93DC7F37E3FDAF8B53DC9FC7E3F53
:10749000BBD7B23DA4057F3F80B6AF3D580E7F3FBE
:1074A0002B95AC3DE4167F3FBA73A93D491F7F3F42
:1074B0003052A63D87277F3F8C30A33D9D2F7F3FD5
:1074C000CF0EA03D8D377F3FF9EC9C3D543F7F3F71
:1074D0000ACB993DF4467F3F05A9963D6D4E7F3F0F
:1074E000E786933DBF557F3FB464903DE95C7F3FA5
:1074F0006A428D3DEC637F3F0A208A3DC76A7F3F29
:1075000094FD863D7B717F3F0ADB833D08787F3F9A
:107510006CB8803D6D7E7F3F742B7B3DAB847F3F9D
:10752000E9E5743DC28A7F3F38A06E3DB1907F3F50
:10753000625A683D78967F3F6814623D189C7F3F91
:107540004CCE5B3D91A17F3F0E88553DE3A67F3F2A
:10755000AF414F3D0DAC7F3F2FFB483D0FB17F3F0B
:1075600091B4423DEAB57F3FD56D3C3D9EBA7F3F29
:10757000FC26363D2ABF7F3F07E02F3D8FC37F3F6C
:10758000F698293DCCC77F3FCC51233DE2CB7F3FCE
:10759000880A1D3DD1CF7F3F2CC3163D98D37F3F36
:1075A000B87B103D37D77F3F2F340A3DAFDA7F3F9E
:1075B00090EC033D00DE7F3FB949FB3C29E17F3F72
:1075C0002DBAEE3C2BE47F3F7B2AE23C05E77F3F70
:1075D000A69AD53CB8E97F3FB00AC93C43EC7F3F4F
:1075E0009B7ABC3CA7EE7F3F69EAAF3CE3F07F3F6C
:1075F0001C5AA33CF8F27F3FB6C9963CE6F47F3FA5
:1076000038398A3CACF67F3F4B517B3C4AF87F3F90
:107610000030623CC1F97F3F900E493C11FB7F3F37
:1076200002ED2F3C39FC7F3F59CB163C39FD7F3FA3
:107630003053FB3B13FE7F3F890FC93BC4FE7F3FA6
:10764000C1CB963B4EFF7F3FC70F493BB1FF7F3F0A
:10765000D40FC93AECFF7F3F000000000000803FDC
:10766000D40FC9BAECFF7F3FC70F49BBB1FF7F3FC3
:10767000C1CB96BB4EFF7F3F890FC9BBC4FE7F3F86
:107680003053FBBB13FE7F3F59CB16BC39FD7F3F08
:1076900002ED2FBC39FC7F3F900E49BC11FB7F3FB0
:1076A000003062BCC1F97F3F4B517BBC4AF87F3F41
:1076B00038398ABCACF67F3FB6C996BCE6F47F3F4A
:1076C0001C5AA3BCF8F27F3F69EAAFBCE3F07F3FEE
:1076D0009B7ABCBCA7EE7F3FB00AC9BC43EC7F3F9E
:1076E000A69AD5BCB8E97F3F7B2AE2BC05E77F3F7D
:1076F0002DBAEEBC2BE47F3FB949FBBC29E17F3FAB
:1077000090EC03BD00DE7F3F2F340ABDAFDA7F3F30
:10771000B87B10BD37D77F3F2CC316BD98D37F3FB2
:10772000880A1DBDD1CF7F3FCC5123BDE2CB7F3F27
:10773000F69829BDCCC77F3F07E02FBD8FC37F3FA1
:10774000FC2636BD2ABF7F3FD56D3CBD9EBA7F3F2C
:1077500091B442BDEAB57F3F2FFB48BD0FB17F3FDB
:10776000AF414FBD0DAC7F3F0E8855BDE3A67F3FB7
:107770004CCE5BBD91A17F3F681462BD189C7F3FDA
:10778000625A68BD78967F3F38A06EBDB1907F3F4A
:10779000E9E574BDC28A7F3F742B7BBDAB847F3F1C
:1077A0006CB880BD6D7E7F3F0ADB83BD08787F3F6C
:1077B00094FD86BD7B717F3F0A208ABDC76A7F3FEB
:1077C0006A428DBDEC637F3FB46490BDE95C7F3F4E
:1077D000E78693BDBF557F3F05A996BD6D4E7F3FA0
:1077E0000ACB99BDF4467F3FF9EC9CBD543F7F3FE7
:1077F000CF0EA0BD8D377F3F8C30A3BD9D2F7F3F27
:107800003052A6BD87277F3FBA73A9BD491F7F3F6E
:107810002B95ACBDE4167F3F80B6AFBD580E7F3FC1
:10782000BBD7B2BDA4057F3FDAF8B5BDC9FC7E3F2A
:10783000DD19B9BDC7F37E3FC33ABCBD9DEA7E3FAB
:107840008D5BBFBD4CE17E3F397CC2BDD4D77E3F4E
:10785000C69CC5BD34CE7E3F36BDC8BD6DC47E3F1F
:1078600086DDCBBD7FBA7E3FB7FDCEBD69B07E3F22
:10787000C81DD2BD2DA67E3FB93DD5BDC99B7E3F5B
:10788000895DD8BD3D917E3F377DDBBD8B867E3FD8
:10789000C49CDEBDB17B7E3F2EBCE1BDB0707E3F9F
:1078A00076DBE4BD88657E3F9AFAE7BD385A7E3FB5
:1078B0009A19EBBDC14E7E3F7638EEBD23437E3F25
:1078C0002E57F1BD5E377E3FC075F4BD722B7E3FF3
:1078D0002C94F7BD5E1F7E3F73B2FABD24137E3F2A
:1078E00092D0FDBDC2067E3F457700BE38FA7D3F8F
:1078F0002E0602BE88ED7D3F029503BEB1E07D3FBE
:10790000C22305BEB2D37D3F6EB206BE8CC67D3F9C
:10791000054108BE40B97D3F86CF09BECCAB7D3F57
:10792000F35D0BBE309E7D3F4AEC0CBE6E907D3FFA
:107930008B7A0EBE85827D3FB70810BE74747D3F82
:10794000CC9611BE3D667D3FCA2413BEDE577D3FF7
:10795000B2B214BE59497D3F834016BEAC3A7D3F5A
:107960003DCE17BED82B7D3FE05B19BEDD1C7D3FB1
:107970006BE91ABEBC0D7D3FDE761CBE73FE7C3FFC
:1079800038041EBE03EF7C3F7B911FBE6CDF7C3F43
:10799000A51E21BEAECF7C3FB6AB22BEC9BF7C3F89
:1079A000AD3824BEBDAF7C3F8CC525BE8A9F7C3FD1
:1079B000515227BE318F7C3FFCDE28BEB07E7C3F1B
:1079C0008D6B2ABE086E7C3F04F82BBE3A5D7C3F6F
:1079D00061842DBE444C7C3FA2102FBE283B7C3FCF
:1079E000C99C30BEE5297C3FD42832BE7A187C3F42
:1079F000C4B433BEE9067C3F984035BE31F57B3FC9
:107A000050CC36BE53E37B3FEC5738BE4DD17B3F65
:107A10006CE339BE20BF7B3FCF6E3BBECDAC7B3F1E
:107A200015FA3CBE539A7B3F3E853EBEB2877B3FF4
:107A3000491040BEEA747B3F379B41BEFC617B3FEF
:107A4000072643BEE74E7B3FB9B044BEAB3B7B3F0E
:107A50004D3B46BE48287B3FC2C547BEBE147B3F58
:107A6000185049BE0E017B3F4FDA4ABE37ED7A3FD0
:107A700067644CBE3AD97A3F60EE4DBE16C57A3F78
:107A800038784FBECBB07A3FF10151BE599C7A3F56
:107A9000898B52BEC1877A3F011554BE02737A3F6B
:107AA000589E55BE1C5E7A3F8F2757BE10497A3FBD
:107AB000A4B058BEDD337A3F97395ABE841E7A3F50
:107AC0006AC25BBE04097A3F1A4B5DBE5EF3793F22
:107AD000A8D35EBE91DD793F135C60BE9DC7793F40
:107AE0005CE461BE83B1793F836C63BE439B793FA5
:107AF00086F464BEDC84793F667C66BE4E6E793F58
:107B0000220468BE9A57793FBA8B69BEC040793F5C
:107B10002F136BBEBF29793F7F9A6CBE9812793FB5
:107B2000AB216EBE4AFB783FB2A86FBED6E3783F6A
:107B3000942F71BE3BCC783F51B672BE7BB4783F78
:107B4000E83C74BE939C783F5AC375BE8684783FE8
:107B5000A64977BE526C783FCCCF78BEF853783FB9
:107B6000CB557ABE773B783FA4DB7BBED122783FF2
:107B700056617DBE040A783FE1E67EBE10F1773F94
:107B8000223680BEF7D7773FC0F880BEB7BE773FBA
:107B90004ABB81BE51A5773FC07D82BEC58B773F72
:107BA000224083BE1372773F700284BE3A58773FFB
:107BB000AAC484BE3C3E773FCE8685BE1724773F5D
:107BC000DF4886BECC09773FDA0A87BE5BEF763F97
:107BD000C1CC87BEC4D4763F938E88BE07BA763FA9
:107BE000505089BE249F763FF8118ABE1B84763F91
:107BF0008AD38ABEEC68763F07958BBE974D763F59
:107C00006E568CBE1B32763FC0178DBE7A16763FFD
:107C1000FCD88DBEB3FA753F229A8EBEC6DE753F84
:107C2000325B8FBEB3C2753F2C1C90BE7BA6753FE6
:107C300010DD90BE1C8A753FDD9D91BE976D753F2E
:107C4000945E92BEED50753F351F93BE1D34753F57
:107C5000BFDF93BE2717753F31A094BE0BFA743F68
:107C60008D6095BEC9DC743FD22096BE62BF743F62
:107C700000E196BED5A1743F17A197BE2284743F40
:107C8000166198BE4966743FFE2099BE4B48743F0A
:107C9000CEE099BE272A743F86A09ABEDD0B743FC2
:107CA00027609BBE6EED733FAF1F9CBED9CE733F66
:107CB00020DF9CBE1FB0733F789E9DBE3F91733FF7
:107CC000B85D9EBE3972733FDF1C9FBE0E53733F7B
:107CD000EEDB9FBEBE33733FE59AA0BE4714733FF1
:107CE000C259A1BEACF4723F8718A2BEEBD4723F5A
:107CF00033D7A2BE04B5723FC595A3BEF894723FB8
:107D00003F54A4BEC774723F9F12A5BE7054723F09
:107D1000E5D0A5BEF433723F128FA6BE5213723F58
:107D2000254DA7BE8CF2713F1F0BA8BE9FD1713F9E
:107D3000FEC8A8BE8EB0713FC486A9BE578F713FE2
:107D40006F44AABEFB6D713F0102ABBE7A4C713F1E
:107D500077BFABBED42A713FD47CACBE0809713F5B
:107D6000153AADBE17E7703F3CF7ADBE02C5703F98
:107D700049B4AEBEC6A2703F3A71AFBE6680703FD6
:107D8000102EB0BEE15D703FCBEAB0BE373B703F16
:107D90006BA7B1BE6718703FEF63B2BE73F56F3F5C
:107DA0005820B3BE5AD26F3FA5DCB3BE1BAF6F3FA6
:107DB000D698B4BEB88B6F3FEC54B5BE30686F3FF9
:107DC000E610B6BE83446F3FC3CCB6BEB0206F3F53
:107DD0008488B7BEBAFC6E3F2A44B8BE9ED86E3FB8
:107DE000B2FFB8BE5DB46E3F1EBBB9BEF88F6E3F2A
:107DF0006E76BABE6D6B6E3FA031BBBEBE466E3FA7
:107E0000B6ECBBBEEB216E3FAFA7BCBEF2FC6D3F34
:107E10008B62BDBED5D76D3F4A1DBEBE93B26D3FCE
:107E2000EBD7BEBE2D8D6D3F6F92BFBEA1676D3F7C
:107E3000D54CC0BEF2416D3F1E07C1BE1D1C6D3F3B
:107E400048C1C1BE24F66C3F557BC2BE07D06C3F13
:107E50004435C3BEC5A96C3F15EFC3BE5E836C3FFE
:107E6000C8A8C4BED45C6C3F5C62C5BE24366C3FFF
:107E7000D21BC6BE500F6C3F29D5C6BE58E86B3F1B
:107E8000628EC7BE3BC16B3F7C47C8BEFB996B3F50
:107E90007700C9BE95726B3F53B9C9BE0C4B6B3F9F
:107EA0001072CABE5E236B3FAE2ACBBE8CFB6A3F0C
:107EB0002CE3CBBE95D36A3F8B9BCCBE7BAB6A3F9A
:107EC000CA53CDBE3C836A3FEA0BCEBED95A6A3F45
:107ED000EAC3CEBE52326A3FCA7BCFBEA7096A3F11
:107EE0008A33D0BED7E0693F2AEBD0BEE4B7693F02
:107EF000AAA2D1BECC8E693F095AD2BE9165693F14
:107F00004811D3BE323C693F67C8D3BEAE12693F49
:107F1000647FD4BE07E9683F4136D5BE3CBF683FA9
:107F2000FDECD5BE4C95683F99A3D6BE396B683F32
:107F3000135AD7BE0341683F6B10D8BEA816683FDE
:107F4000A3C6D8BE2AEC673FB97CD9BE87C1673FBC
:107F5000AD32DABEC196673F80E8DABED86B673FC4
:107F6000319EDBBECA40673FC153DCBE9915673FF7
:107F70002E09DDBE45EA663F79BEDDBECCBE663F5A
:107F8000A273DEBE3093663FA928DFBE7167663FED
:107F90008DDDDFBE8E3B663F4F92E0BE880F663FB1
:107FA000EE46E1BE5EE3653F6AFBE1BE10B7653FAA
:107FB000C4AFE2BEA08A653FFA63E3BE0B5E653FD5
:107FC0000E18E4BE5431653FFECBE4BE7904653F34
:107FD000CB7FE5BE7BD7643F7533E6BE59AA643FCD
:107FE000FBE6E6BE147D643F5D9AE7BEAC4F643F9E
:107FF0009C4DE8BE2122643FB700E9BE73F4633FA5
:10800000AEB3E9BEA1C6633F8166EABEAC98633FEA
:108010003019EBBE956A633FBBCBEBBE5A3C633F66
:10802000217EECBEFC0D633F6330EDBE7BDF623F23
:1080300080E2EDBED7B0623F7994EEBE1082623F1F
:108040004C46EFBE2653623FFBF7EFBE1A24623F59
:1080500085A9F0BEEAF4613FEA5AF1BE98C5613FD6
:10806000290CF2BE2296613F43BDF2BE8A66613F93
:10807000386EF3BED036613F071FF4BEF206613F93
:10808000B1CFF4BEF2D6603F3580F5BECFA6603FDB
:108090009330F6BE8976603FCBE0F6BE2146603F66
:1080A000DC90F7BE9615603FC840F8BEE9E45F3F3C
:1080B0008EF0F8BE19B45F3F2DA0F9BE27835F3F55
:1080C000A54FFABE12525F3FF7FEFABEDB205F3FBC
:1080D00022AEFBBE81EF5E3F275DFCBE05BE5E3F6C
:1080E000040CFDBE678C5E3FBBBAFDBEA65A5E3F68
:1080F0004A69FEBEC3285E3FB217FFBEBEF65D3FB3
:10810000F3C5FFBE97C45D3F063A00BF4D925D3F89
:10811000FF9000BFE15F5D3FE4E700BF532D5D3F8F
:10812000B53E01BFA3FA5C3F739501BFD1C75C3F69
:108130001CEC01BFDD945C3FB14202BFC7615C3FF4
:10814000329902BF8E2E5C3F9FEF02BF34FB5B3F34
:10815000F84503BFB8C75B3F3D9C03BF1A945B3F24
:108160006DF203BF5A605B3F894804BF792C5B3FC7
:10817000919E04BF75F85A3F84F404BF50C45A3F1F
:10818000624A05BF09905A3F2CA005BFA05B5A3F29
:10819000E2F505BF16275A3F824B06BF6AF2593FE8
:1081A0000EA106BF9CBD593F86F606BFAD88593F5C
:1081B000E84B07BF9C53593F36A107BF6A1E593F82
:1081C0006FF607BF17E9583F924B08BFA1B3583F5E
:1081D000A1A008BF0B7E583F9BF508BF5348583FEE
:1081E0007F4A09BF7912583F4E9F09BF7FDC573F36
:1081F00009F409BF63A6573FAD480ABF2670573F31
:108200003D9D0ABFC739573FB7F10ABF4803573FE3
:108210001C460BBFA7CC563F6B9A0BBFE595563F4C
:10822000A5EE0BBF025F563FC9420CBFFE27563F6B
:10823000D7960CBFD9F0553FD0EA0CBF93B9553F44
:10824000B33E0DBF2C82553F81920DBFA44A553FCE
:1082500038E60DBFFB12553FDA390EBF31DB543F14
:10826000658D0EBF47A3543FDBE00EBF3B6B543F11
:108270003B340FBF0F33543F84870FBFC3FA533FC4
:10828000B8DA0FBF55C2533FD52D10BFC789533F32
:10829000DC8010BF1851533FCDD310BF4918533F56
:1082A000A72611BF59DF523F6B7911BF49A6523F34
:1082B00019CC11BF186D523FB01E12BFC633523FCA
:1082C000307112BF54FA513F9AC312BFC2C0513F1E
:1082D000EE1513BF1087513F2A6813BF3D4D513F24
:1082E00050BA13BF4A13513F5F0C14BF37D9503FE8
:1082F000585E14BF039F503F39B014BFAF64503F66
:10830000040215BF3B2A503FB75315BFA8EF4F3F9C
:1083100054A515BFF4B44F3FD9F615BF1F7A4F3F90
:10832000474816BF2B3F4F3F9F9916BF17044F3F3B
:10833000DFEA16BFE4C84E3F073C17BF908D4E3FA3
:10834000188D17BF1C524E3F12DE17BF89164E3FC5
:10835000F52E18BFD5DA4D3FC07F18BF029F4D3FA5
:1083600073D018BF10634D3F0F2119BFFD264D3F3D
:10837000947119BFCBEA4C3F00C219BF79AE4C3F94
:1083800055121ABF08724C3F93621ABF78354C3FA2
:10839000B8B21ABFC7F84B3FC6021BBFF8BB4B3F72
:1083A000BB521BBF097F4B3F99A21BBFFA414B3FFA
:1083B0005FF21BBFCC044B3F0C421CBF7FC74A3F40
:1083C000A2911CBF138A4A3F1FE11CBF874C4A3F42
:1083D00084301DBFDC0E4A3FD17F1DBF12D1493F03
:1083E00006CF1DBF2993493F221E1EBF2155493F7D
:1083F000266D1EBFFA16493F12BC1EBFB3D8483FB8
:10840000E50A1FBF4E9A483F9F591FBFCA5B483FAE
:1084100041A81FBF271D483FCBF61FBF65DE473F62
:108420003B4520BF849F473F939320BF8560473FD4
:10843000D2E120BF6721473FF92F21BF2AE2463F03
:10844000067E21BFCEA2463FFBCB21BF5463463FF1
:10845000D71922BFBB23463F996722BF03E4453F9C
:1084600043B522BF2DA4453FD30223BF3964453F06
:108470004B5023BF2624453FA99D23BFF5E3443F2E
:10848000EEEA23BFA5A3443F1A3824BF3763443F15
:108490002C8524BFAB22443F25D224BF00E2433FBA
:1084A000041F25BF38A1433FCB6B25BF5160433F1D
:1084B00077B825BF4C1F433F0A0526BF29DE423F40
:1084C000845126BFE89C423FE39D26BF895B423F23
:1084D0002AEA26BF0B1A423F563627BF70D8413FC3
:1084E000688227BFB796413F61CE27BFE154413F25
:1084F000401A28BFEC12413F056628BFDAD0403F42
:10850000B0B128BFA98E403F41FD28BF5C4C403F21
:10851000B84829BFF009403F159429BF67C73F3FBE
:1085200057DF29BFC0843F3F802A2ABFFC413F3F1D
:108530008E752ABF1BFF3E3F82C02ABF1BBC3E3F39
:108540005B0B2BBFFF783E3F1B562BBFC5353E3F15
:10855000BFA02BBF6EF23D3F4AEB2BBFF9AE3D3FB4
:10856000B9352CBF676B3D3F0F802CBFB8273D3F0F
:1085700049CA2CBFECE33C3F69142DBF03A03C3F2C
:108580006F5E2DBFFC5B3C3F59A82DBFD9173C3F08
:1085900029F22DBF98D33B3FDE3B2EBF3B8F3B3FA5
:1085A00078852EBFC14A3B3FF7CE2EBF29063B3F01
:1085B0005B182FBF75C13A3FA5612FBFA47C3A3F1E
:1085C000D3AA2FBFB7373A3FE6F32FBFACF2393FFC
:1085D000DE3C30BF85AD393FBB8530BF4268393F97
:1085E0007CCE30BFE122393F221731BF65DD383FF5
:1085F000AD5F31BFCB97383F1DA831BF1652383F12
:1086000071F031BF430C383FAA3832BF55C6373FEF
:10861000C78032BF4A80373FC9C832BF233A373F8D
:10862000AF1033BFDFF3363F7A5833BF7FAD363FED
:1086300029A033BF0467363FBCE733BF6C20363F09
:10864000342F34BFB8D9353F8F7634BFE792353FEA
:10865000CFBD34BFFB4B353FF30435BFF304353F8B
:10866000FB4B35BFCFBD343FE79235BF8F76343FEC
:10867000B8D935BF342F343F6C2036BFBCE7333F09
:10868000046736BF29A0333F7FAD36BF7A58333FEA
:10869000DFF336BFAF10333F233A37BFC9C8323F8D
:1086A0004A8037BFC780323F55C637BFAA38323FEE
:1086B000430C38BF71F0313F165238BF1DA8313F0F
:1086C000CB9738BFAD5F313F65DD38BF2217313FF3
:1086D000E12239BF7CCE303F426839BFBB85303F95
:1086E00085AD39BFDE3C303FACF239BFE6F32F3FFA
:1086F000B7373ABFD3AA2F3FA47C3ABFA5612F3F1B
:1087000075C13ABF5B182F3F29063BBFF7CE2E3FFE
:10871000C14A3BBF78852E3F3B8F3BBFDE3B2E3FA0
:1087200098D33BBF29F22D3FD9173CBF59A82D3F05
:10873000FC5B3CBF6F5E2D3F03A03CBF69142D3F27
:10874000ECE33CBF49CA2C3FB8273DBF0F802C3F0C
:10875000676B3DBFB9352C3FF9AE3DBF4AEB2B3FB0
:108760006EF23DBFBFA02B3FC5353EBF1B562B3F12
:10877000FF783EBF5B0B2B3F1BBC3EBF82C02A3F36
:108780001BFF3EBF8E752A3FFC413FBF802A2A3F18
:10879000C0843FBF57DF293F67C73FBF1594293FBC
:1087A000F00940BFB848293F5C4C40BF41FD283F1D
:1087B000A98E40BFB0B1283FDAD040BF0566283F40
:1087C000EC1241BF401A283FE15441BF61CE273F20
:1087D000B79641BF6882273F70D841BF5636273FC2
:1087E0000B1A42BF2AEA263F895B42BFE39D263F20
:1087F000E89C42BF8451263F29DE42BF0A05263F3E
:108800004C1F43BF77B8253F516043BFCB6B253F1B
:1088100038A143BF041F253F00E243BF25D2243FB8
:10882000AB2244BF2C85243F376344BF1A38243F12
:10883000A5A344BFEEEA233FF5E344BFA99D233F30
:10884000262445BF4B50233F396445BFD302233F05
:108850002DA445BF43B5223F03E445BF9967223F9E
:10886000BB2346BFD719223F546346BFFBCB213FF2
:10887000CEA246BF067E213F2AE246BFF92F213F06
:10888000672147BFD2E1203F856047BF9393203FD8
:10889000849F47BF3B45203F65DE47BFCBF61F3F68
:1088A000271D48BF41A81F3FCA5B48BF9F591F3FB4
:1088B0004E9A48BFE50A1F3FB3D848BF12BC1E3FBF
:1088C000FA1649BF266D1E3F215549BF221E1E3F85
:1088D000299349BF06CF1D3F12D149BFD17F1D3F0C
:1088E000DC0E4ABF84301D3F874C4ABF1FE11C3F4E
:1088F000138A4ABFA2911C3F7FC74ABF0C421C3F4C
:10890000CC044BBF5FF21B3FFA414BBF99A21B3F08
:10891000097F4BBFBB521B3FF8BB4BBFC6021B3F7F
:10892000C7F84BBFB8B21A3F78354CBF93621A3FB5
:1089300008724CBF55121A3F79AE4CBF00C2193FA6
:10894000CBEA4CBF9471193FFD264DBF0F21193F53
:1089500010634DBF73D0183F029F4DBFC07F183FBB
:10896000D5DA4DBFF52E183F89164EBF12DE173FE0
:108970001C524EBF188D173F908D4EBF073C173FBE
:10898000E4C84EBFDFEA163F17044FBF9F99163F5A
:108990002B3F4FBF4748163F1F7A4FBFD9F6153FB1
:1089A000F4B44FBF54A5153FA8EF4FBFB753153FC1
:1089B0003B2A50BF0402153FAF6450BF39B0143F8B
:1089C000039F50BF585E143F37D950BF5F0C143F10
:1089D0004A1351BF50BA133F3D4D51BF2A68133F50
:1089E000108751BFEE15133FC2C051BF9AC3123F4B
:1089F00054FA51BF3071123FC63352BFB01E123FFE
:108A0000186D52BF19CC113F49A652BF6B79113F67
:108A100059DF52BFA726113F491853BFCDD3103F8E
:108A2000185153BFDC80103FC78953BFD52D103F6D
:108A300055C253BFB8DA0F3FC3FA53BF84870F3F05
:108A40000F3354BF3B340F3F3B6B54BFDBE00E3F53
:108A500047A354BF658D0E3F31DB54BFDA390E3F5B
:108A6000FB1255BF38E60D3FA44A55BF81920D3F1A
:108A70002C8255BFB33E0D3F93B955BFD0EA0C3F92
:108A8000D9F055BFD7960C3FFE2756BFC9420C3FC1
:108A9000025F56BFA5EE0B3FE59556BF6B9A0B3FA5
:108AA000A7CC56BF1C460B3F480357BFB7F10A3F40
:108AB000C73957BF3D9D0A3F267057BFAD480A3F93
:108AC00063A657BF09F4093F7FDC57BF4E9F093F9C
:108AD000791258BF7F4A093F534858BF9BF5083F5A
:108AE0000B7E58BFA1A0083FA1B358BF924B083FCF
:108AF00017E958BF6FF6073F6A1E59BF36A1073FF7
:108B00009C5359BFE84B073FAD8859BF86F6063FD7
:108B10009CBD59BF0EA1063F6AF259BF824B063F6A
:108B200016275ABFE2F5053FA05B5ABF2CA0053FB0
:108B300009905ABF624A053F50C45ABF84F4043FAB
:108B400075F85ABF919E043F792C5BBF8948043F5A
:108B50005A605BBF6DF2033F1A945BBF3D9C033FBD
:108B6000B8C75BBFF845033F34FB5BBF9FEF023FD5
:108B70008E2E5CBF3299023FC7615CBFB142023F9B
:108B8000DD945CBF1CEC013FD1C75CBF7395013F16
:108B9000A3FA5CBFB53E013F532D5DBFE4E7003F44
:108BA000E15F5DBFFF90003F4D925DBF063A003F21
:108BB00097C45DBFF3C5FF3EBEF65DBFB217FF3E73
:108BC000C3285EBF4A69FE3EA65A5EBFBBBAFD3EE1
:108BD000678C5EBF040CFD3E05BE5EBF275DFC3E9C
:108BE00081EF5EBF22AEFB3EDB205FBFF7FEFA3EA9
:108BF00012525FBFA54FFA3E27835FBF2DA0F93EFB
:108C000019B45FBF8EF0F83EE9E45FBFC840F83E9C
:108C1000961560BFDC90F73E214660BFCBE0F63E84
:108C2000897660BF9330F63ECFA660BF3580F53EB3
:108C3000F2D660BFB1CFF43EF20661BF071FF43E2B
:108C4000D03661BF386EF33E8A6661BF43BDF23EE7
:108C5000229661BF290CF23E98C561BFEA5AF13EE7
:108C6000EAF461BF85A9F03E1A2462BFFBF7EF3E2C
:108C7000265362BF4C46EF3E108262BF7994EE3EAF
:108C8000D7B062BF80E2ED3E7BDF62BF6330ED3E76
:108C9000FC0D63BF217EEC3E5A3C63BFBBCBEB3E79
:108CA000956A63BF3019EB3EAC9863BF8166EA3EBC
:108CB000A1C663BFAEB3E93E73F463BFB700E93E3C
:108CC000212264BF9C4DE83EAC4F64BF5D9AE73EF5
:108CD000147D64BFFBE6E63E59AA64BF7533E63EE9
:108CE0007BD764BFCB7FE53E790465BFFECBE43E16
:108CF000543165BF0E18E43E0B5E65BFFA63E33E78
:108D0000A08A65BFC4AFE23E10B765BF6AFBE13E13
:108D10005EE365BFEE46E13E880F66BF4F92E03EE0
:108D20008E3B66BF8DDDDF3E716766BFA928DF3EE3
:108D3000309366BFA273DE3ECCBE66BF79BEDD3E19
:108D400045EA66BF2E09DD3E991567BFC153DC3E7B
:108D5000CA4067BF319EDB3ED86B67BF80E8DA3E12
:108D6000C19667BFAD32DA3E87C167BFB97CD93ED5
:108D70002AEC67BFA3C6D83EA81668BF6B10D83EC2
:108D8000034168BF135AD73E396B68BF99A3D63EDB
:108D90004C9568BFFDECD53E3CBF68BF4136D53E23
:108DA00007E968BF647FD43EAE1269BF67C8D33E8F
:108DB000323C69BF4811D33E916569BF095AD23E22
:108DC000CC8E69BFAAA2D13EE4B769BF2AEBD03EE0
:108DD000D7E069BF8A33D03EA7096ABFCA7BCF3EBE
:108DE00052326ABFEAC3CE3ED95A6ABFEA0BCE3EC0
:108DF0003C836ABFCA53CD3E7BAB6ABF8B9BCC3EE4
:108E000095D36ABF2CE3CB3E8CFB6ABFAE2ACB3E28
:108E10005E236BBF1072CA3E0C4B6BBF53B9C93E89
:108E200095726BBF7700C93EFB996BBF7C47C83E0C
:108E30003BC16BBF628EC73E58E86BBF29D5C63EAB
:108E4000500F6CBFD21BC63E24366CBF5C62C53E61
:108E5000D45C6CBFC8A8C43E5E836CBF15EFC33E34
:108E6000C5A96CBF4435C33E07D06CBF557BC23E1D
:108E700024F66CBF48C1C13E1D1C6DBF1E07C13E1C
:108E8000F2416DBFD54CC03EA1676DBF6F92BF3E32
:108E90002D8D6DBFEBD7BE3E93B26DBF4A1DBE3E5A
:108EA000D5D76DBF8B62BD3EF2FC6DBFAFA7BC3E98
:108EB000EB216EBFB6ECBB3EBE466EBFA031BB3EE3
:108EC0006D6B6EBF6E76BA3EF88F6EBF1EBBB93E3D
:108ED0005DB46EBFB2FFB83E9ED86EBF2A44B83EA6
:108EE000BAFC6EBF8488B73EB0206FBFC3CCB63E1D
:108EF00083446FBFE610B63E30686FBFEC54B53E9A
:108F0000B88B6FBFD698B43E1BAF6FBFA5DCB33E26
:108F10005AD26FBF5820B33E73F56FBFEF63B23EB6
:108F2000671870BF6BA7B13E373B70BFCBEAB03E4E
:108F3000E15D70BF102EB03E668070BF3A71AF3EEB
:108F4000C6A270BF49B4AE3E02C570BF3CF7AD3E8D
:108F500017E770BF153AAD3E080971BFD47CAC3E2F
:108F6000D42A71BF77BFAB3E7A4C71BF0102AB3ED2
:108F7000FB6D71BF6F44AA3E578F71BFC486A93E77
:108F80008EB071BFFEC8A83E9FD171BF1F0BA83E17
:108F90008CF271BF254DA73E521372BF128FA63EB1
:108FA000F43372BFE5D0A53E705472BF9F12A53E48
:108FB000C77472BF3F54A43EF89472BFC595A33ED8
:108FC00004B572BF33D7A23EEBD472BF8718A23E5E
:108FD000ACF472BFC259A13E471473BFE59AA03EDC
:108FE000BE3373BFEEDB9F3E0E5373BFDF1C9F3E4D
:108FF000397273BFB85D9E3E3F9173BF789E9D3EB0
:109000001FB073BF20DF9C3ED9CE73BFAF1F9C3E05
:109010006EED73BF27609B3EDD0B74BF86A09A3E4A
:10902000272A74BFCEE0993E4B4874BFFE20993E7C
:10903000496674BF1661983E228474BF17A1973E9B
:10904000D5A174BF00E1963E62BF74BFD220963EA8
:10905000C9DC74BF8D60953E0BFA74BF31A0943E9D
:10906000271775BFBFDF933E1D3475BF351F933E75
:10907000ED5075BF945E923E976D75BFDD9D913E3C
:109080001C8A75BF10DD903E7BA675BF2C1C903EE0
:10909000B3C275BF325B8F3EC6DE75BF229A8E3E6D
:1090A000B3FA75BFFCD88D3E7A1676BFC0178D3ED9
:1090B0001B3276BF6E568C3E974D76BF07958B3E22
:1090C000EC6876BF8AD38A3E1B8476BFF8118A3E4D
:1090D000249F76BF5050893E07BA76BF938E883E54
:1090E000C4D476BFC1CC873E5BEF76BFDA0A873E39
:1090F000CC0977BFDF48863E172477BFCE86853EF2
:109100003C3E77BFAAC4843E3A5877BF7002843E83
:10911000137277BF2240833EC58B77BFC07D823EEE
:1091200051A577BF4ABB813EB7BE77BFC0F8803E2E
:10913000F7D777BF2236803E10F177BFE1E67E3E5B
:10914000040A78BF56617D3ED12278BFA4DB7B3E06
:10915000773B78BFCB557A3EF85378BFCCCF783E7B
:10916000526C78BFA649773E868478BF5AC3753E55
:10917000939C78BFE83C743E7BB478BF51B6723E96
:109180003BCC78BF942F713ED6E378BFB2A86F3E38
:109190004AFB78BFAB216E3E981279BF7F9A6C3E36
:1091A000BF2979BF2F136B3EC04079BFBA8B693E90
:1091B0009A5779BF2204683E4E6E79BF667C663E40
:1091C000DC8479BF86F4643E439B79BF836C633E45
:1091D00083B179BF5CE4613E9DC779BF135C603E9B
:1091E00091DD79BFA8D35E3E5EF379BF1A4B5D3E39
:1091F00004097ABF6AC25B3E841E7ABF97395A3E21
:10920000DD337ABFA4B0583E10497ABF8F27573E4E
:109210001C5E7ABF589E553E02737ABF0115543EBC
:10922000C1877ABF898B523E599C7ABFF101513E6A
:10923000CBB07ABF38784F3E16C57ABF60EE4D3E50
:109240003AD97ABF67644C3E37ED7ABF4FDA4A3E6F
:109250000E017BBF1850493EBE147BBFC2C5473EBE
:1092600048287BBF4D3B463EAB3B7BBFB9B0443E3D
:10927000E74E7BBF0726433EFC617BBF379B413EE9
:10928000EA747BBF4910403EB2877BBF3E853E3EBD
:10929000539A7BBF15FA3C3ECDAC7BBFCF6E3B3EB5
:1092A00020BF7BBF6CE3393E4DD17BBFEC57383ECE
:1092B00053E37BBF50CC363E31F57BBF9840353E03
:1092C000E9067CBFC4B4333E7A187CBFD428323E52
:1092D000E5297CBFC99C303E283B7CBFA2102F3EB5
:1092E000444C7CBF61842D3E3A5D7CBF04F82B3E2C
:1092F000086E7CBF8D6B2A3EB07E7CBFFCDE283EB4
:10930000318F7CBF5152273E8A9F7CBF8CC5253E42
:10931000BDAF7CBFAD38243EC9BF7CBFB6AB223EDB
:10932000AECF7CBFA51E213E6CDF7CBF7B911F3E74
:1093300003EF7CBF38041E3E73FE7CBFDE761C3E0E
:10934000BC0D7DBF6BE91A3EDD1C7DBFE05B193EA5
:10935000D82B7DBF3DCE173EAC3A7DBF8340163E35
:1093600059497DBFB2B2143EDE577DBFCA24133EB9
:109370003D667DBFCC96113E74747DBFB708103E2C
:1093800085827DBF8B7A0E3E6E907DBF4AEC0C3E8F
:10939000309E7DBFF35D0B3ECCAB7DBF86CF093EDB
:1093A00040B97DBF0541083E8CC67DBF6EB2063E0A
:1093B000B2D37DBFC223053EB1E07DBF0295033E1F
:1093C00088ED7DBF2E06023E38FA7DBF4577003E10
:1093D000C2067EBF92D0FD3D24137EBF73B2FA3D1C
:1093E0005E1F7EBF2C94F73D722B7EBFC075F43D8F
:1093F0005E377EBF2E57F13D23437EBF7638EE3D6C
:10940000C14E7EBF9A19EB3D385A7EBF9AFAE73DAE
:1094100088657EBF76DBE43DB0707EBF2EBCE13D4B
:10942000B17B7EBFC49CDE3D8B867EBF377DDB3D3E
:109430003D917EBF895DD83DC99B7EBFB93DD53D7D
:109440002DA67EBFC81DD23D69B07EBFB7FDCE3D03
:109450007FBA7EBF86DDCB3D6DC47EBF36BDC83DC5
:1094600034CE7EBFC69CC53DD4D77EBF397CC23DBD
:109470004CE17EBF8D5BBF3D9DEA7EBFC33ABC3DE4
:10948000C7F37EBFDD19B93DC9FC7EBFDAF8B53D33
:10949000A4057FBFBBD7B23D580E7FBF80B6AF3D9E
:1094A000E4167FBF2B95AC3D491F7FBFBA73A93D22
:1094B00087277FBF3052A63D9D2F7FBF8C30A33DB5
:1094C0008D377FBFCF0EA03D543F7FBFF9EC9C3D51
:1094D000F4467FBF0ACB993D6D4E7FBF05A9963DEF
:1094E000BF557FBFE786933DE95C7FBFB464903D85
:1094F000EC637FBF6A428D3DC76A7FBF0A208A3D09
:109500007B717FBF94FD863D08787FBF0ADB833D7A
:109510006D7E7FBF6CB8803DAB847FBF742B7B3D7D
:10952000C28A7FBFE9E5743DB1907FBF38A06E3D30
:1095300078967FBF625A683D189C7FBF6814623D71
:1095400091A17FBF4CCE5B3DE3A67FBF0E88553D0A
:109550000DAC7FBFAF414F3D0FB17FBF2FFB483DEB
:10956000EAB57FBF91B4423D9EBA7FBFD56D3C3D09
:109570002ABF7FBFFC26363D8FC37FBF07E02F3D4C
:10958000CCC77FBFF698293DE2CB7FBFCC51233DAE
:10959000D1CF7FBF880A1D3D98D37FBF2CC3163D16
:1095A00037D77FBFB87B103DAFDA7FBF2F340A3D7E
:1095B00000DE7FBF90EC033D29E17FBFB949FB3C52
:1095C0002BE47FBF2DBAEE3C05E77FBF7B2AE23C50
:1095D000B8E97FBFA69AD53C43EC7FBFB00AC93C2F
:1095E000A7EE7FBF9B7ABC3CE3F07FBF69EAAF3C4C
:1095F000F8F27FBF1C5AA33CE6F47FBFB6C9963C85
:10960000ACF67FBF38398A3C4AF87FBF4B517B3C70
:10961000C1F97FBF0030623C11FB7FBF900E493C17
:1096200039FC7FBF02ED2F3C39FD7FBF59CB163C83
:1096300013FE7FBF3053FB3BC4FE7FBF890FC93B86
:109640004EFF7FBFC1CB963BB1FF7FBFC70F493BEA
:10965000ECFF7FBFD40FC93A000080BF00000000BC
:10966000ECFF7FBFD40FC9BAB1FF7FBFC70F49BBA3
:109670004EFF7FBFC1CB96BBC4FE7FBF890FC9BB66
:1096800013FE7FBF3053FBBB39FD7FBF59CB16BCE8
:1096900039FC7FBF02ED2FBC11FB7FBF900E49BC90
:1096A000C1F97FBF003062BC4AF87FBF4B517BBC21
:1096B000ACF67FBF38398ABCE6F47FBFB6C996BC2A
:1096C000F8F27FBF1C5AA3BCE3F07FBF69EAAFBCCE
:1096D000A7EE7FBF9B7ABCBC43EC7FBFB00AC9BC7E
:1096E000B8E97FBFA69AD5BC05E77FBF7B2AE2BC5D
:1096F0002BE47FBF2DBAEEBC29E17FBFB949FBBC8B
:1097000000DE7FBF90EC03BDAFDA7FBF2F340ABD10
:1097100037D77FBFB87B10BD98D37FBF2CC316BD92
:10972000D1CF7FBF880A1DBDE2CB7FBFCC5123BD07
:10973000CCC77FBFF69829BD8FC37FBF07E02FBD81
:109740002ABF7FBFFC2636BD9EBA7FBFD56D3CBD0C
:10975000EAB57FBF91B442BD0FB17FBF2FFB48BDBB
:109760000DAC7FBFAF414FBDE3A67FBF0E8855BD97
:1097700091A17FBF4CCE5BBD189C7FBF681462BDBA
:1097800078967FBF625A68BDB1907FBF38A06EBD2A
:10979000C28A7FBFE9E574BDAB847FBF742B7BBDFC
:1097A0006D7E7FBF6CB880BD08787FBF0ADB83BD4C
:1097B0007B717FBF94FD86BDC76A7FBF0A208ABDCB
:1097C000EC637FBF6A428DBDE95C7FBFB46490BD2E
:1097D000BF557FBFE78693BD6D4E7FBF05A996BD80
:1097E000F4467FBF0ACB99BD543F7FBFF9EC9CBDC7
:1097F0008D377FBFCF0EA0BD9D2F7FBF8C30A3BD07
:1098000087277FBF3052A6BD491F7FBFBA73A9BD4E
:10981000E4167FBF2B95ACBD580E7FBF80B6AFBDA1
:10982000A4057FBFBBD7B2BDC9FC7EBFDAF8B5BD0A
:10983000C7F37EBFDD19B9BD9DEA7EBFC33ABCBD8B
:109840004CE17EBF8D5BBFBDD4D77EBF397CC2BD2E
:1098500034CE7EBFC69CC5BD6DC47EBF36BDC8BDFF
:109860007FBA7EBF86DDCBBD69B07EBFB7FDCEBD02
:109870002DA67EBFC81DD2BDC99B7EBFB93DD5BD3B
:109880003D917EBF895DD8BD8B867EBF377DDBBDB8
:10989000B17B7EBFC49CDEBDB0707EBF2EBCE1BD7F
:1098A00088657EBF76DBE4BD385A7EBF9AFAE7BD95
:1098B000C14E7EBF9A19EBBD23437EBF7638EEBD05
:1098C0005E377EBF2E57F1BD722B7EBFC075F4BDD3
:1098D0005E1F7EBF2C94F7BD24137EBF73B2FABD0A
:1098E000C2067EBF92D0FDBD38FA7DBF457700BE6F
:1098F00088ED7DBF2E0602BEB1E07DBF029503BE9E
:10990000B2D37DBFC22305BE8CC67DBF6EB206BE7C
:1099100040B97DBF054108BECCAB7DBF86CF09BE37
:10992000309E7DBFF35D0BBE6E907DBF4AEC0CBEDA
:1099300085827DBF8B7A0EBE74747DBFB70810BE62
:109940003D667DBFCC9611BEDE577DBFCA2413BED7
:1099500059497DBFB2B214BEAC3A7DBF834016BE3A
:10996000D82B7DBF3DCE17BEDD1C7DBFE05B19BE91
:10997000BC0D7DBF6BE91ABE73FE7CBFDE761CBEDC
:1099800003EF7CBF38041EBE6CDF7CBF7B911FBE23
:10999000AECF7CBFA51E21BEC9BF7CBFB6AB22BE69
:1099A000BDAF7CBFAD3824BE8A9F7CBF8CC525BEB1
:1099B000318F7CBF515227BEB07E7CBFFCDE28BEFB
:1099C000086E7CBF8D6B2ABE3A5D7CBF04F82BBE4F
:1099D000444C7CBF61842DBE283B7CBFA2102FBEAF
:1099E000E5297CBFC99C30BE7A187CBFD42832BE22
:1099F000E9067CBFC4B433BE31F57BBF984035BEA9
:109A000053E37BBF50CC36BE4DD17BBFEC5738BE45
:109A100020BF7BBF6CE339BECDAC7BBFCF6E3BBEFE
:109A2000539A7BBF15FA3CBEB2877BBF3E853EBED4
:109A3000EA747BBF491040BEFC617BBF379B41BECF
:109A4000E74E7BBF072643BEAB3B7BBFB9B044BEEE
:109A500048287BBF4D3B46BEBE147BBFC2C547BE38
:109A60000E017BBF185049BE37ED7ABF4FDA4ABEB0
:109A70003AD97ABF67644CBE16C57ABF60EE4DBE58
:109A8000CBB07ABF38784FBE599C7ABFF10151BE36
:109A9000C1877ABF898B52BE02737ABF011554BE4B
:109AA0001C5E7ABF589E55BE10497ABF8F2757BE9D
:109AB000DD337ABFA4B058BE841E7ABF97395ABE30
:109AC00004097ABF6AC25BBE5EF379BF1A4B5DBE02
:109AD00091DD79BFA8D35EBE9DC779BF135C60BE20
:109AE00083B179BF5CE461BE439B79BF836C63BE85
:109AF000DC8479BF86F464BE4E6E79BF667C66BE38
:109B00009A5779BF220468BEC04079BFBA8B69BE3C
:109B1000BF2979BF2F136BBE981279BF7F9A6CBE95
:109B20004AFB78BFAB216EBED6E378BFB2A86FBE4A
:109B30003BCC78BF942F71BE7BB478BF51B672BE58
:109B4000939C78BFE83C74BE868478BF5AC375BEC8
:109B5000526C78BFA64977BEF85378BFCCCF78BE99
:109B6000773B78BFCB557ABED12278BFA4DB7BBED2
:109B7000040A78BF56617DBE10F177BFE1E67EBE74
:109B8000F7D777BF223680BEB7BE77BFC0F880BE9A
:109B900051A577BF4ABB81BEC58B77BFC07D82BE52
:109BA000137277BF224083BE3A5877BF700284BEDB
:109BB0003C3E77BFAAC484BE172477BFCE8685BE3D
:109BC000CC0977BFDF4886BE5BEF76BFDA0A87BE77
:109BD000C4D476BFC1CC87BE07BA76BF938E88BE89
:109BE000249F76BF505089BE1B8476BFF8118ABE71
:109BF000EC6876BF8AD38ABE974D76BF07958BBE39
:109C00001B3276BF6E568CBE7A1676BFC0178DBEDD
:109C1000B3FA75BFFCD88DBEC6DE75BF229A8EBE64
:109C2000B3C275BF325B8FBE7BA675BF2C1C90BEC6
:109C30001C8A75BF10DD90BE976D75BFDD9D91BE0E
:109C4000ED5075BF945E92BE1D3475BF351F93BE37
:109C5000271775BFBFDF93BE0BFA74BF31A094BE48
:109C6000C9DC74BF8D6095BE62BF74BFD22096BE42
:109C7000D5A174BF00E196BE228474BF17A197BE20
:109C8000496674BF166198BE4B4874BFFE2099BEEA
:109C9000272A74BFCEE099BEDD0B74BF86A09ABEA2
:109CA0006EED73BF27609BBED9CE73BFAF1F9CBE46
:109CB0001FB073BF20DF9CBE3F9173BF789E9DBED7
:109CC000397273BFB85D9EBE0E5373BFDF1C9FBE5B
:109CD000BE3373BFEEDB9FBE471473BFE59AA0BED1
:109CE000ACF472BFC259A1BEEBD472BF8718A2BE3A
:109CF00004B572BF33D7A2BEF89472BFC595A3BE98
:109D0000C77472BF3F54A4BE705472BF9F12A5BEE9
:109D1000F43372BFE5D0A5BE521372BF128FA6BE38
:109D20008CF271BF254DA7BE9FD171BF1F0BA8BE7E
:109D30008EB071BFFEC8A8BE578F71BFC486A9BEC2
:109D4000FB6D71BF6F44AABE7A4C71BF0102ABBEFE
:109D5000D42A71BF77BFABBE080971BFD47CACBE3B
:109D600017E770BF153AADBE02C570BF3CF7ADBE78
:109D7000C6A270BF49B4AEBE668070BF3A71AFBEB6
:109D8000E15D70BF102EB0BE373B70BFCBEAB0BEF6
:109D9000671870BF6BA7B1BE73F56FBFEF63B2BE3C
:109DA0005AD26FBF5820B3BE1BAF6FBFA5DCB3BE86
:109DB000B88B6FBFD698B4BE30686FBFEC54B5BED9
:109DC00083446FBFE610B6BEB0206FBFC3CCB6BE33
:109DD000BAFC6EBF8488B7BE9ED86EBF2A44B8BE98
:109DE0005DB46EBFB2FFB8BEF88F6EBF1EBBB9BE0A
:109DF0006D6B6EBF6E76BABEBE466EBFA031BBBE87
:109E0000EB216EBFB6ECBBBEF2FC6DBFAFA7BCBE14
:109E1000D5D76DBF8B62BDBE93B26DBF4A1DBEBEAE
:109E20002D8D6DBFEBD7BEBEA1676DBF6F92BFBE5C
:109E3000F2416DBFD54CC0BE1D1C6DBF1E07C1BE1B
:109E400024F66CBF48C1C1BE07D06CBF557BC2BEF3
:109E5000C5A96CBF4435C3BE5E836CBF15EFC3BEDE
:109E6000D45C6CBFC8A8C4BE24366CBF5C62C5BEDF
:109E7000500F6CBFD21BC6BE58E86BBF29D5C6BEFB
:109E80003BC16BBF628EC7BEFB996BBF7C47C8BE30
:109E900095726BBF7700C9BE0C4B6BBF53B9C9BE7F
:109EA0005E236BBF1072CABE8CFB6ABFAE2ACBBEEC
:109EB00095D36ABF2CE3CBBE7BAB6ABF8B9BCCBE7A
:109EC0003C836ABFCA53CDBED95A6ABFEA0BCEBE25
:109ED00052326ABFEAC3CEBEA7096ABFCA7BCFBEF1
:109EE000D7E069BF8A33D0BEE4B769BF2AEBD0BEE2
:109EF000CC8E69BFAAA2D1BE916569BF095AD2BEF4
:109F0000323C69BF4811D3BEAE1269BF67C8D3BE29
:109F100007E968BF647FD4BE3CBF68BF4136D5BE89
:109F20004C9568BFFDECD5BE396B68BF99A3D6BE12
:109F3000034168BF135AD7BEA81668BF6B10D8BEBE
:109F40002AEC67BFA3C6D8BE87C167BFB97CD9BE9C
:109F5000C19667BFAD32DABED86B67BF80E8DABEA4
:109F6000CA4067BF319EDBBE991567BFC153DCBED7
:109F700045EA66BF2E09DDBECCBE66BF79BEDDBE3A
:109F8000309366BFA273DEBE716766BFA928DFBECD
:109F90008E3B66BF8DDDDFBE880F66BF4F92E0BE91
:109FA0005EE365BFEE46E1BE10B765BF6AFBE1BE8A
:109FB000A08A65BFC4AFE2BE0B5E65BFFA63E3BEB5
:109FC000543165BF0E18E4BE790465BFFECBE4BE14
:109FD0007BD764BFCB7FE5BE59AA64BF7533E6BEAD
:109FE000147D64BFFBE6E6BEAC4F64BF5D9AE7BE7E
:109FF000212264BF9C4DE8BE73F463BFB700E9BE85
:10A00000A1C663BFAEB3E9BEAC9863BF8166EABECA
:10A01000956A63BF3019EBBE5A3C63BFBBCBEBBE46
:10A02000FC0D63BF217EECBE7BDF62BF6330EDBE03
:10A03000D7B062BF80E2EDBE108262BF7994EEBEFF
:10A04000265362BF4C46EFBE1A2462BFFBF7EFBE39
:10A05000EAF461BF85A9F0BE98C561BFEA5AF1BEB6
:10A06000229661BF290CF2BE8A6661BF43BDF2BE73
:10A07000D03661BF386EF3BEF20661BF071FF4BE73
:10A08000F2D660BFB1CFF4BECFA660BF3580F5BEBB
:10A09000897660BF9330F6BE214660BFCBE0F6BE46
:10A0A000961560BFDC90F7BEE9E45FBFC840F8BE1C
:10A0B00019B45FBF8EF0F8BE27835FBF2DA0F9BE35
:10A0C00012525FBFA54FFABEDB205FBFF7FEFABE9C
:10A0D00081EF5EBF22AEFBBE05BE5EBF275DFCBE4C
:10A0E000678C5EBF040CFDBEA65A5EBFBBBAFDBE48
:10A0F000C3285EBF4A69FEBEBEF65DBFB217FFBE93
:10A1000097C45DBFF3C5FFBE4D925DBF063A00BF69
:10A11000E15F5DBFFF9000BF532D5DBFE4E700BF6F
:10A12000A3FA5CBFB53E01BFD1C75CBF739501BF49
:10A13000DD945CBF1CEC01BFC7615CBFB14202BFD4
:10A140008E2E5CBF329902BF34FB5BBF9FEF02BF14
:10A15000B8C75BBFF84503BF1A945BBF3D9C03BF04
:10A160005A605BBF6DF203BF792C5BBF894804BFA7
:10A1700075F85ABF919E04BF50C45ABF84F404BFFF
:10A1800009905ABF624A05BFA05B5ABF2CA005BF09
:10A1900016275ABFE2F505BF6AF259BF824B06BFC8
:10A1A0009CBD59BF0EA106BFAD8859BF86F606BF3C
:10A1B0009C5359BFE84B07BF6A1E59BF36A107BF62
:10A1C00017E958BF6FF607BFA1B358BF924B08BF3E
:10A1D0000B7E58BFA1A008BF534858BF9BF508BFCE
:10A1E000791258BF7F4A09BF7FDC57BF4E9F09BF16
:10A1F00063A657BF09F409BF267057BFAD480ABF11
:10A20000C73957BF3D9D0ABF480357BFB7F10ABFC3
:10A21000A7CC56BF1C460BBFE59556BF6B9A0BBF2C
:10A22000025F56BFA5EE0BBFFE2756BFC9420CBF4B
:10A23000D9F055BFD7960CBF93B955BFD0EA0CBF24
:10A240002C8255BFB33E0DBFA44A55BF81920DBFAE
:10A25000FB1255BF38E60DBF31DB54BFDA390EBFF4
:10A2600047A354BF658D0EBF3B6B54BFDBE00EBFF1
:10A270000F3354BF3B340FBFC3FA53BF84870FBFA4
:10A2800055C253BFB8DA0FBFC78953BFD52D10BF12
:10A29000185153BFDC8010BF491853BFCDD310BF36
:10A2A00059DF52BFA72611BF49A652BF6B7911BF14
:10A2B000186D52BF19CC11BFC63352BFB01E12BFAA
:10A2C00054FA51BF307112BFC2C051BF9AC312BFFE
:10A2D000108751BFEE1513BF3D4D51BF2A6813BF04
:10A2E0004A1351BF50BA13BF37D950BF5F0C14BFC8
:10A2F000039F50BF585E14BFAF6450BF39B014BF46
:10A300003B2A50BF040215BFA8EF4FBFB75315BF7C
:10A31000F4B44FBF54A515BF1F7A4FBFD9F615BF70
:10A320002B3F4FBF474816BF17044FBF9F9916BF1B
:10A33000E4C84EBFDFEA16BF908D4EBF073C17BF83
:10A340001C524EBF188D17BF89164EBF12DE17BFA5
:10A35000D5DA4DBFF52E18BF029F4DBFC07F18BF85
:10A3600010634DBF73D018BFFD264DBF0F2119BF1D
:10A37000CBEA4CBF947119BF79AE4CBF00C219BF74
:10A3800008724CBF55121ABF78354CBF93621ABF82
:10A39000C7F84BBFB8B21ABFF8BB4BBFC6021BBF52
:10A3A000097F4BBFBB521BBFFA414BBF99A21BBFDA
:10A3B000CC044BBF5FF21BBF7FC74ABF0C421CBF20
:10A3C000138A4ABFA2911CBF874C4ABF1FE11CBF22
:10A3D000DC0E4ABF84301DBF12D149BFD17F1DBFE3
:10A3E000299349BF06CF1DBF215549BF221E1EBF5D
:10A3F000FA1649BF266D1EBFB3D848BF12BC1EBF98
:10A400004E9A48BFE50A1FBFCA5B48BF9F591FBF8E
:10A41000271D48BF41A81FBF65DE47BFCBF61FBF42
:10A42000849F47BF3B4520BF856047BF939320BFB4
:10A43000672147BFD2E120BF2AE246BFF92F21BFE3
:10A44000CEA246BF067E21BF546346BFFBCB21BFD1
:10A45000BB2346BFD71922BF03E445BF996722BF7C
:10A460002DA445BF43B522BF396445BFD30223BFE6
:10A47000262445BF4B5023BFF5E344BFA99D23BF0E
:10A48000A5A344BFEEEA23BF376344BF1A3824BFF5
:10A49000AB2244BF2C8524BF00E243BF25D224BF9A
:10A4A00038A143BF041F25BF516043BFCB6B25BFFD
:10A4B0004C1F43BF77B825BF29DE42BF0A0526BF20
:10A4C000E89C42BF845126BF895B42BFE39D26BF03
:10A4D0000B1A42BF2AEA26BF70D841BF563627BFA3
:10A4E000B79641BF688227BFE15441BF61CE27BF05
:10A4F000EC1241BF401A28BFDAD040BF056628BF22
:10A50000A98E40BFB0B128BF5C4C40BF41FD28BF01
:10A51000F00940BFB84829BF67C73FBF159429BF9E
:10A52000C0843FBF57DF29BFFC413FBF802A2ABFFD
:10A530001BFF3EBF8E752ABF1BBC3EBF82C02ABF19
:10A54000FF783EBF5B0B2BBFC5353EBF1B562BBFF5
:10A550006EF23DBFBFA02BBFF9AE3DBF4AEB2BBF94
:10A56000676B3DBFB9352CBFB8273DBF0F802CBFEF
:10A57000ECE33CBF49CA2CBF03A03CBF69142DBF0C
:10A58000FC5B3CBF6F5E2DBFD9173CBF59A82DBFE8
:10A5900098D33BBF29F22DBF3B8F3BBFDE3B2EBF85
:10A5A000C14A3BBF78852EBF29063BBFF7CE2EBFE1
:10A5B00075C13ABF5B182FBFA47C3ABFA5612FBFFE
:10A5C000B7373ABFD3AA2FBFACF239BFE6F32FBFDC
:10A5D00085AD39BFDE3C30BF426839BFBB8530BF77
:10A5E000E12239BF7CCE30BF65DD38BF221731BFD5
:10A5F000CB9738BFAD5F31BF165238BF1DA831BFF2
:10A60000430C38BF71F031BF55C637BFAA3832BFCF
:10A610004A8037BFC78032BF233A37BFC9C832BF6D
:10A62000DFF336BFAF1033BF7FAD36BF7A5833BFCD
:10A63000046736BF29A033BF6C2036BFBCE733BFE9
:10A64000B8D935BF342F34BFE79235BF8F7634BFCA
:10A65000FB4B35BFCFBD34BFF30435BFF30435BF6B
:10A66000CFBD34BFFB4B35BF8F7634BFE79235BFCC
:10A67000342F34BFB8D935BFBCE733BF6C2036BFE9
:10A6800029A033BF046736BF7A5833BF7FAD36BFCA
:10A69000AF1033BFDFF336BFC9C832BF233A37BF6D
:10A6A000C78032BF4A8037BFAA3832BF55C637BFCE
:10A6B00071F031BF430C38BF1DA831BF165238BFEF
:10A6C000AD5F31BFCB9738BF221731BF65DD38BFD3
:10A6D0007CCE30BFE12239BFBB8530BF426839BF75
:10A6E000DE3C30BF85AD39BFE6F32FBFACF239BFDA
:10A6F000D3AA2FBFB7373ABFA5612FBFA47C3ABFFB
:10A700005B182FBF75C13ABFF7CE2EBF29063BBFDE
:10A7100078852EBFC14A3BBFDE3B2EBF3B8F3BBF80
:10A7200029F22DBF98D33BBF59A82DBFD9173CBFE5
:10A730006F5E2DBFFC5B3CBF69142DBF03A03CBF07
:10A7400049CA2CBFECE33CBF0F802CBFB8273DBFEC
:10A75000B9352CBF676B3DBF4AEB2BBFF9AE3DBF90
:10A76000BFA02BBF6EF23DBF1B562BBFC5353EBFF2
:10A770005B0B2BBFFF783EBF82C02ABF1BBC3EBF16
:10A780008E752ABF1BFF3EBF802A2ABFFC413FBFF8
:10A7900057DF29BFC0843FBF159429BF67C73FBF9C
:10A7A000B84829BFF00940BF41FD28BF5C4C40BFFD
:10A7B000B0B128BFA98E40BF056628BFDAD040BF20
:10A7C000401A28BFEC1241BF61CE27BFE15441BF00
:10A7D000688227BFB79641BF563627BF70D841BFA2
:10A7E0002AEA26BF0B1A42BFE39D26BF895B42BF00
:10A7F000845126BFE89C42BF0A0526BF29DE42BF1E
:10A8000077B825BF4C1F43BFCB6B25BF516043BFFB
:10A81000041F25BF38A143BF25D224BF00E243BF98
:10A820002C8524BFAB2244BF1A3824BF376344BFF2
:10A83000EEEA23BFA5A344BFA99D23BFF5E344BF10
:10A840004B5023BF262445BFD30223BF396445BFE5
:10A8500043B522BF2DA445BF996722BF03E445BF7E
:10A86000D71922BFBB2346BFFBCB21BF546346BFD2
:10A87000067E21BFCEA246BFF92F21BF2AE246BFE6
:10A88000D2E120BF672147BF939320BF856047BFB8
:10A890003B4520BF849F47BFCBF61FBF65DE47BF48
:10A8A00041A81FBF271D48BF9F591FBFCA5B48BF94
:10A8B000E50A1FBF4E9A48BF12BC1EBFB3D848BF9F
:10A8C000266D1EBFFA1649BF221E1EBF215549BF65
:10A8D00006CF1DBF299349BFD17F1DBF12D149BFEC
:10A8E00084301DBFDC0E4ABF1FE11CBF874C4ABF2E
:10A8F000A2911CBF138A4ABF0C421CBF7FC74ABF2C
:10A900005FF21BBFCC044BBF99A21BBFFA414BBFE8
:10A91000BB521BBF097F4BBFC6021BBFF8BB4BBF5F
:10A92000B8B21ABFC7F84BBF93621ABF78354CBF95
:10A9300055121ABF08724CBF00C219BF79AE4CBF86
:10A94000947119BFCBEA4CBF0F2119BFFD264DBF33
:10A9500073D018BF10634DBFC07F18BF029F4DBF9B
:10A96000F52E18BFD5DA4DBF12DE17BF89164EBFC0
:10A97000188D17BF1C524EBF073C17BF908D4EBF9E
:10A98000DFEA16BFE4C84EBF9F9916BF17044FBF3A
:10A99000474816BF2B3F4FBFD9F615BF1F7A4FBF91
:10A9A00054A515BFF4B44FBFB75315BFA8EF4FBFA1
:10A9B000040215BF3B2A50BF39B014BFAF6450BF6B
:10A9C000585E14BF039F50BF5F0C14BF37D950BFF0
:10A9D00050BA13BF4A1351BF2A6813BF3D4D51BF30
:10A9E000EE1513BF108751BF9AC312BFC2C051BF2B
:10A9F000307112BF54FA51BFB01E12BFC63352BFDE
:10AA000019CC11BF186D52BF6B7911BF49A652BF47
:10AA1000A72611BF59DF52BFCDD310BF491853BF6E
:10AA2000DC8010BF185153BFD52D10BFC78953BF4D
:10AA3000B8DA0FBF55C253BF84870FBFC3FA53BFE5
:10AA40003B340FBF0F3354BFDBE00EBF3B6B54BF33
:10AA5000658D0EBF47A354BFDA390EBF31DB54BF3B
:10AA600038E60DBFFB1255BF81920DBFA44A55BFFA
:10AA7000B33E0DBF2C8255BFD0EA0CBF93B955BF72
:10AA8000D7960CBFD9F055BFC9420CBFFE2756BFA1
:10AA9000A5EE0BBF025F56BF6B9A0BBFE59556BF85
:10AAA0001C460BBFA7CC56BFB7F10ABF480357BF20
:10AAB0003D9D0ABFC73957BFAD480ABF267057BF73
:10AAC00009F409BF63A657BF4E9F09BF7FDC57BF7C
:10AAD0007F4A09BF791258BF9BF508BF534858BF3A
:10AAE000A1A008BF0B7E58BF924B08BFA1B358BFAF
:10AAF0006FF607BF17E958BF36A107BF6A1E59BFD7
:10AB0000E84B07BF9C5359BF86F606BFAD8859BFB7
:10AB10000EA106BF9CBD59BF824B06BF6AF259BF4A
:10AB2000E2F505BF16275ABF2CA005BFA05B5ABF90
:10AB3000624A05BF09905ABF84F404BF50C45ABF8B
:10AB4000919E04BF75F85ABF894804BF792C5BBF3A
:10AB50006DF203BF5A605BBF3D9C03BF1A945BBF9D
:10AB6000F84503BFB8C75BBF9FEF02BF34FB5BBFB5
:10AB7000329902BF8E2E5CBFB14202BFC7615CBF7B
:10AB80001CEC01BFDD945CBF739501BFD1C75CBFF6
:10AB9000B53E01BFA3FA5CBFE4E700BF532D5DBF24
:10ABA000FF9000BFE15F5DBF063A00BF4D925DBF01
:10ABB000F3C5FFBE97C45DBFB217FFBEBEF65DBF53
:10ABC0004A69FEBEC3285EBFBBBAFDBEA65A5EBFC1
:10ABD000040CFDBE678C5EBF275DFCBE05BE5EBF7C
:10ABE00022AEFBBE81EF5EBFF7FEFABEDB205FBF89
:10ABF000A54FFABE12525FBF2DA0F9BE27835FBFDB
:10AC00008EF0F8BE19B45FBFC840F8BEE9E45FBF7C
:10AC1000DC90F7BE961560BFCBE0F6BE214660BF64
:10AC20009330F6BE897660BF3580F5BECFA660BF93
:10AC3000B1CFF4BEF2D660BF071FF4BEF20661BF0B
:10AC4000386EF3BED03661BF43BDF2BE8A6661BFC7
:10AC5000290CF2BE229661BFEA5AF1BE98C561BFC7
:10AC600085A9F0BEEAF461BFFBF7EFBE1A2462BF0C
:10AC70004C46EFBE265362BF7994EEBE108262BF8F
:10AC800080E2EDBED7B062BF6330EDBE7BDF62BF56
:10AC9000217EECBEFC0D63BFBBCBEBBE5A3C63BF59
:10ACA0003019EBBE956A63BF8166EABEAC9863BF9C
:10ACB000AEB3E9BEA1C663BFB700E9BE73F463BF1C
:10ACC0009C4DE8BE212264BF5D9AE7BEAC4F64BFD5
:10ACD000FBE6E6BE147D64BF7533E6BE59AA64BFC9
:10ACE000CB7FE5BE7BD764BFFECBE4BE790465BFF6
:10ACF0000E18E4BE543165BFFA63E3BE0B5E65BF58
:10AD0000C4AFE2BEA08A65BF6AFBE1BE10B765BFF3
:10AD1000EE46E1BE5EE365BF4F92E0BE880F66BFC0
:10AD20008DDDDFBE8E3B66BFA928DFBE716766BFC3
:10AD3000A273DEBE309366BF79BEDDBECCBE66BFF9
:10AD40002E09DDBE45EA66BFC153DCBE991567BF5B
:10AD5000319EDBBECA4067BF80E8DABED86B67BFF2
:10AD6000AD32DABEC19667BFB97CD9BE87C167BFB5
:10AD7000A3C6D8BE2AEC67BF6B10D8BEA81668BFA2
:10AD8000135AD7BE034168BF99A3D6BE396B68BFBB
:10AD9000FDECD5BE4C9568BF4136D5BE3CBF68BF03
:10ADA000647FD4BE07E968BF67C8D3BEAE1269BF6F
:10ADB0004811D3BE323C69BF095AD2BE916569BF02
:10ADC000AAA2D1BECC8E69BF2AEBD0BEE4B769BFC0
:10ADD0008A33D0BED7E069BFCA7BCFBEA7096ABF9E
:10ADE000EAC3CEBE52326ABFEA0BCEBED95A6ABFA0
:10ADF000CA53CDBE3C836ABF8B9BCCBE7BAB6ABFC4
:10AE00002CE3CBBE95D36ABFAE2ACBBE8CFB6ABF08
:10AE10001072CABE5E236BBF53B9C9BE0C4B6BBF69
:10AE20007700C9BE95726BBF7C47C8BEFB996BBFEC
:10AE3000628EC7BE3BC16BBF29D5C6BE58E86BBF8B
:10AE4000D21BC6BE500F6CBF5C62C5BE24366CBF41
:10AE5000C8A8C4BED45C6CBF15EFC3BE5E836CBF14
:10AE60004435C3BEC5A96CBF557BC2BE07D06CBFFD
:10AE700048C1C1BE24F66CBF1E07C1BE1D1C6DBFFC
:10AE8000D54CC0BEF2416DBF6F92BFBEA1676DBF12
:10AE9000EBD7BEBE2D8D6DBF4A1DBEBE93B26DBF3A
:10AEA0008B62BDBED5D76DBFAFA7BCBEF2FC6DBF78
:10AEB000B6ECBBBEEB216EBFA031BBBEBE466EBFC3
:10AEC0006E76BABE6D6B6EBF1EBBB9BEF88F6EBF1D
:10AED000B2FFB8BE5DB46EBF2A44B8BE9ED86EBF86
:10AEE0008488B7BEBAFC6EBFC3CCB6BEB0206FBFFD
:10AEF000E610B6BE83446FBFEC54B5BE30686FBF7A
:10AF0000D698B4BEB88B6FBFA5DCB3BE1BAF6FBF06
:10AF10005820B3BE5AD26FBFEF63B2BE73F56FBF96
:10AF20006BA7B1BE671870BFCBEAB0BE373B70BF2E
:10AF3000102EB0BEE15D70BF3A71AFBE668070BFCB
:10AF400049B4AEBEC6A270BF3CF7ADBE02C570BF6D
:10AF5000153AADBE17E770BFD47CACBE080971BF0F
:10AF600077BFABBED42A71BF0102ABBE7A4C71BFB2
:10AF70006F44AABEFB6D71BFC486A9BE578F71BF57
:10AF8000FEC8A8BE8EB071BF1F0BA8BE9FD171BFF7
:10AF9000254DA7BE8CF271BF128FA6BE521372BF91
:10AFA000E5D0A5BEF43372BF9F12A5BE705472BF28
:10AFB0003F54A4BEC77472BFC595A3BEF89472BFB8
:10AFC00033D7A2BE04B572BF8718A2BEEBD472BF3E
:10AFD000C259A1BEACF472BFE59AA0BE471473BFBC
:10AFE000EEDB9FBEBE3373BFDF1C9FBE0E5373BF2D
:10AFF000B85D9EBE397273BF789E9DBE3F9173BF90
:10B0000020DF9CBE1FB073BFAF1F9CBED9CE73BFE5
:10B0100027609BBE6EED73BF86A09ABEDD0B74BF2A
:10B02000CEE099BE272A74BFFE2099BE4B4874BF5C
:10B03000166198BE496674BF17A197BE228474BF7B
:10B0400000E196BED5A174BFD22096BE62BF74BF88
:10B050008D6095BEC9DC74BF31A094BE0BFA74BF7D
:10B06000BFDF93BE271775BF351F93BE1D3475BF55
:10B07000945E92BEED5075BFDD9D91BE976D75BF1C
:10B0800010DD90BE1C8A75BF2C1C90BE7BA675BFC0
:10B09000325B8FBEB3C275BF229A8EBEC6DE75BF4D
:10B0A000FCD88DBEB3FA75BFC0178DBE7A1676BFB9
:10B0B0006E568CBE1B3276BF07958BBE974D76BF02
:10B0C0008AD38ABEEC6876BFF8118ABE1B8476BF2D
:10B0D000505089BE249F76BF938E88BE07BA76BF34
:10B0E000C1CC87BEC4D476BFDA0A87BE5BEF76BF19
:10B0F000DF4886BECC0977BFCE8685BE172477BFD2
:10B10000AAC484BE3C3E77BF700284BE3A5877BF63
:10B11000224083BE137277BFC07D82BEC58B77BFCE
:10B120004ABB81BE51A577BFC0F880BEB7BE77BF0E
:10B13000223680BEF7D777BFE1E67EBE10F177BF3B
:10B1400056617DBE040A78BFA4DB7BBED12278BFE6
:10B15000CB557ABE773B78BFCCCF78BEF85378BF5B
:10B16000A64977BE526C78BF5AC375BE868478BF35
:10B17000E83C74BE939C78BF51B672BE7BB478BF76
:10B18000942F71BE3BCC78BFB2A86FBED6E378BF18
:10B19000AB216EBE4AFB78BF7F9A6CBE981279BF16
:10B1A0002F136BBEBF2979BFBA8B69BEC04079BF70
:10B1B000220468BE9A5779BF667C66BE4E6E79BF20
:10B1C00086F464BEDC8479BF836C63BE439B79BF25
:10B1D0005CE461BE83B179BF135C60BE9DC779BF7B
:10B1E000A8D35EBE91DD79BF1A4B5DBE5EF379BF19
:10B1F0006AC25BBE04097ABF97395ABE841E7ABF01
:10B20000A4B058BEDD337ABF8F2757BE10497ABF2E
:10B21000589E55BE1C5E7ABF011554BE02737ABF9C
:10B22000898B52BEC1877ABFF10151BE599C7ABF4A
:10B2300038784FBECBB07ABF60EE4DBE16C57ABF30
:10B2400067644CBE3AD97ABF4FDA4ABE37ED7ABF4F
:10B25000185049BE0E017BBFC2C547BEBE147BBF9E
:10B260004D3B46BE48287BBFB9B044BEAB3B7BBF1D
:10B27000072643BEE74E7BBF379B41BEFC617BBFC9
:10B28000491040BEEA747BBF3E853EBEB2877BBF9D
:10B2900015FA3CBE539A7BBFCF6E3BBECDAC7BBF95
:10B2A0006CE339BE20BF7BBFEC5738BE4DD17BBFAE
:10B2B00050CC36BE53E37BBF984035BE31F57BBFE3
:10B2C000C4B433BEE9067CBFD42832BE7A187CBF32
:10B2D000C99C30BEE5297CBFA2102FBE283B7CBF95
:10B2E00061842DBE444C7CBF04F82BBE3A5D7CBF0C
:10B2F0008D6B2ABE086E7CBFFCDE28BEB07E7CBF94
:10B30000515227BE318F7CBF8CC525BE8A9F7CBF22
:10B31000AD3824BEBDAF7CBFB6AB22BEC9BF7CBFBB
:10B32000A51E21BEAECF7CBF7B911FBE6CDF7CBF54
:10B3300038041EBE03EF7CBFDE761CBE73FE7CBFEE
:10B340006BE91ABEBC0D7DBFE05B19BEDD1C7DBF85
:10B350003DCE17BED82B7DBF834016BEAC3A7DBF15
:10B36000B2B214BE59497DBFCA2413BEDE577DBF99
:10B37000CC9611BE3D667DBFB70810BE74747DBF0C
:10B380008B7A0EBE85827DBF4AEC0CBE6E907DBF6F
:10B39000F35D0BBE309E7DBF86CF09BECCAB7DBFBB
:10B3A000054108BE40B97DBF6EB206BE8CC67DBFEA
:10B3B000C22305BEB2D37DBF029503BEB1E07DBFFF
:10B3C0002E0602BE88ED7DBF457700BE38FA7DBFF0
:10B3D00092D0FDBDC2067EBF73B2FABD24137EBFFC
:10B3E0002C94F7BD5E1F7EBFC075F4BD722B7EBF6F
:10B3F0002E57F1BD5E377EBF7638EEBD23437EBF4C
:10B400009A19EBBDC14E7EBF9AFAE7BD385A7EBF8E
:10B4100076DBE4BD88657EBF2EBCE1BDB0707EBF2B
:10B42000C49CDEBDB17B7EBF377DDBBD8B867EBF1E
:10B43000895DD8BD3D917EBFB93DD5BDC99B7EBF5D
:10B44000C81DD2BD2DA67EBFB7FDCEBD69B07EBFE3
:10B4500086DDCBBD7FBA7EBF36BDC8BD6DC47EBFA5
:10B46000C69CC5BD34CE7EBF397CC2BDD4D77EBF9D
:10B470008D5BBFBD4CE17EBFC33ABCBD9DEA7EBFC4
:10B48000DD19B9BDC7F37EBFDAF8B5BDC9FC7EBF13
:10B49000BBD7B2BDA4057FBF80B6AFBD580E7FBF7E
:10B4A0002B95ACBDE4167FBFBA73A9BD491F7FBF02
:10B4B0003052A6BD87277FBF8C30A3BD9D2F7FBF95
:10B4C000CF0EA0BD8D377FBFF9EC9CBD543F7FBF31
:10B4D0000ACB99BDF4467FBF05A996BD6D4E7FBFCF
:10B4E000E78693BDBF557FBFB46490BDE95C7FBF65
:10B4F0006A428DBDEC637FBF0A208ABDC76A7FBFE9
:10B5000094FD86BD7B717FBF0ADB83BD08787FBF5A
:10B510006CB880BD6D7E7FBF742B7BBDAB847FBF5D
:10B52000E9E574BDC28A7FBF38A06EBDB1907FBF10
:10B53000625A68BD78967FBF681462BD189C7FBF51
:10B540004CCE5BBD91A17FBF0E8855BDE3A67FBFEA
:10B55000AF414FBD0DAC7FBF2FFB48BD0FB17FBFCB
:10B5600091B442BDEAB57FBFD56D3CBD9EBA7FBFE9
:10B57000FC2636BD2ABF7FBF07E02FBD8FC37FBF2C
:10B58000F69829BDCCC77FBFCC5123BDE2CB7FBF8E
:10B59000880A1DBDD1CF7FBF2CC316BD98D37FBFF6
:10B5A000B87B10BD37D77FBF2F340ABDAFDA7FBF5E
:10B5B00090EC03BD00DE7FBFB949FBBC29E17FBF32
:10B5C0002DBAEEBC2BE47FBF7B2AE2BC05E77FBF30
:10B5D000A69AD5BCB8E97FBFB00AC9BC43EC7FBF0F
:10B5E0009B7ABCBCA7EE7FBF69EAAFBCE3F07FBF2C
:10B5F0001C5AA3BCF8F27FBFB6C996BCE6F47FBF65
:10B6000038398ABCACF67FBF4B517BBC4AF87FBF50
:10B61000003062BCC1F97FBF900E49BC11FB7FBFF7
:10B6200002ED2FBC39FC7FBF59CB16BC39FD7FBF63
:10B630003053FBBB13FE7FBF890FC9BBC4FE7FBF66
:10B64000C1CB96BB4EFF7FBFC70F49BBB1FF7FBFCA
:10B65000D40FC9BAECFF7FBF00000080000080BF9C
:10B66000D40FC93AECFF7FBFC70F493BB1FF7FBF83
:10B67000C1CB963B4EFF7FBF890FC93BC4FE7FBF46
:10B680003053FB3B13FE7FBF59CB163C39FD7FBFC8
:10B6900002ED2F3C39FC7FBF900E493C11FB7FBF70
:10B6A0000030623CC1F97FBF4B517B3C4AF87FBF01
:10B6B00038398A3CACF67FBFB6C9963CE6F47FBF0A
:10B6C0001C5AA33CF8F27FBF69EAAF3CE3F07FBFAE
:10B6D0009B7ABC3CA7EE7FBFB00AC93C43EC7FBF5E
:10B6E000A69AD53CB8E97FBF7B2AE23C05E77FBF3D
:10B6F0002DBAEE3C2BE47FBFB949FB3C29E17FBF6B
:10B7000090EC033D00DE7FBF2F340A3DAFDA7FBFF0
:10B71000B87B103D37D77FBF2CC3163D98D37FBF72
:10B72000880A1D3DD1CF7FBFCC51233DE2CB7FBFE7
:10B73000F698293DCCC77FBF07E02F3D8FC37FBF61
:10B74000FC26363D2ABF7FBFD56D3C3D9EBA7FBFEC
:10B7500091B4423DEAB57FBF2FFB483D0FB17FBF9B
:10B76000AF414F3D0DAC7FBF0E88553DE3A67FBF77
:10B770004CCE5B3D91A17FBF6814623D189C7FBF9A
:10B78000625A683D78967FBF38A06E3DB1907FBF0A
:10B79000E9E5743DC28A7FBF742B7B3DAB847FBFDC
:10B7A0006CB8803D6D7E7FBF0ADB833D08787FBF2C
:10B7B00094FD863D7B717FBF0A208A3DC76A7FBFAB
:10B7C0006A428D3DEC637FBFB464903DE95C7FBF0E
:10B7D000E786933DBF557FBF05A9963D6D4E7FBF60
:10B7E0000ACB993DF4467FBFF9EC9C3D543F7FBFA7
:10B7F000CF0EA03D8D377FBF8C30A33D9D2F7FBFE7
:10B800003052A63D87277FBFBA73A93D491F7FBF2E
:10B810002B95AC3DE4167FBF80B6AF3D580E7FBF81
:10B82000BBD7B23DA4057FBFDAF8B53DC9FC7EBFEA
:10B83000DD19B93DC7F37EBFC33ABC3D9DEA7EBF6B
:10B840008D5BBF3D4CE17EBF397CC23DD4D77EBF0E
:10B85000C69CC53D34CE7EBF36BDC83D6DC47EBFDF
:10B8600086DDCB3D7FBA7EBFB7FDCE3D69B07EBFE2
:10B87000C81DD23D2DA67EBFB93DD53DC99B7EBF1B
:10B88000895DD83D3D917EBF377DDB3D8B867EBF98
:10B89000C49CDE3DB17B7EBF2EBCE13DB0707EBF5F
:10B8A00076DBE43D88657EBF9AFAE73D385A7EBF75
:10B8B0009A19EB3DC14E7EBF7638EE3D23437EBFE5
:10B8C0002E57F13D5E377EBFC075F43D722B7EBFB3
:10B8D0002C94F73D5E1F7EBF73B2FA3D24137EBFEA
:10B8E00092D0FD3DC2067EBF4577003E38FA7DBF4F
:10B8F0002E06023E88ED7DBF0295033EB1E07DBF7E
:10B90000C223053EB2D37DBF6EB2063E8CC67DBF5C
:10B910000541083E40B97DBF86CF093ECCAB7DBF17
:10B92000F35D0B3E309E7DBF4AEC0C3E6E907DBFBA
:10B930008B7A0E3E85827DBFB708103E74747DBF42
:10B94000CC96113E3D667DBFCA24133EDE577DBFB7
:10B95000B2B2143E59497DBF8340163EAC3A7DBF1A
:10B960003DCE173ED82B7DBFE05B193EDD1C7DBF71
:10B970006BE91A3EBC0D7DBFDE761C3E73FE7CBFBC
:10B9800038041E3E03EF7CBF7B911F3E6CDF7CBF03
:10B99000A51E213EAECF7CBFB6AB223EC9BF7CBF49
:10B9A000AD38243EBDAF7CBF8CC5253E8A9F7CBF91
:10B9B0005152273E318F7CBFFCDE283EB07E7CBFDB
:10B9C0008D6B2A3E086E7CBF04F82B3E3A5D7CBF2F
:10B9D00061842D3E444C7CBFA2102F3E283B7CBF8F
:10B9E000C99C303EE5297CBFD428323E7A187CBF02
:10B9F000C4B4333EE9067CBF9840353E31F57BBF89
:10BA000050CC363E53E37BBFEC57383E4DD17BBF25
:10BA10006CE3393E20BF7BBFCF6E3B3ECDAC7BBFDE
:10BA200015FA3C3E539A7BBF3E853E3EB2877BBFB4
:10BA30004910403EEA747BBF379B413EFC617BBFAF
:10BA40000726433EE74E7BBFB9B0443EAB3B7BBFCE
:10BA50004D3B463E48287BBFC2C5473EBE147BBF18
:10BA60001850493E0E017BBF4FDA4A3E37ED7ABF90
:10BA700067644C3E3AD97ABF60EE4D3E16C57ABF38
:10BA800038784F3ECBB07ABFF101513E599C7ABF16
:10BA9000898B523EC1877ABF0115543E02737ABF2B
:10BAA000589E553E1C5E7ABF8F27573E10497ABF7D
:10BAB000A4B0583EDD337ABF97395A3E841E7ABF10
:10BAC0006AC25B3E04097ABF1A4B5D3E5EF379BFE2
:10BAD000A8D35E3E91DD79BF135C603E9DC779BF00
:10BAE0005CE4613E83B179BF836C633E439B79BF65
:10BAF00086F4643EDC8479BF667C663E4E6E79BF18
:10BB00002204683E9A5779BFBA8B693EC04079BF1C
:10BB10002F136B3EBF2979BF7F9A6C3E981279BF75
:10BB2000AB216E3E4AFB78BFB2A86F3ED6E378BF2A
:10BB3000942F713E3BCC78BF51B6723E7BB478BF38
:10BB4000E83C743E939C78BF5AC3753E868478BFA8
:10BB5000A649773E526C78BFCCCF783EF85378BF79
:10BB6000CB557A3E773B78BFA4DB7B3ED12278BFB2
:10BB700056617D3E040A78BFE1E67E3E10F177BF54
:10BB80002236803EF7D777BFC0F8803EB7BE77BF7A
:10BB90004ABB813E51A577BFC07D823EC58B77BF32
:10BBA0002240833E137277BF7002843E3A5877BFBB
:10BBB000AAC4843E3C3E77BFCE86853E172477BF1D
:10BBC000DF48863ECC0977BFDA0A873E5BEF76BF57
:10BBD000C1CC873EC4D476BF938E883E07BA76BF69
:10BBE0005050893E249F76BFF8118A3E1B8476BF51
:10BBF0008AD38A3EEC6876BF07958B3E974D76BF19
:10BC00006E568C3E1B3276BFC0178D3E7A1676BFBD
:10BC1000FCD88D3EB3FA75BF229A8E3EC6DE75BF44
:10BC2000325B8F3EB3C275BF2C1C903E7BA675BFA6
:10BC300010DD903E1C8A75BFDD9D913E976D75BFEE
:10BC4000945E923EED5075BF351F933E1D3475BF17
:10BC5000BFDF933E271775BF31A0943E0BFA74BF28
:10BC60008D60953EC9DC74BFD220963E62BF74BF22
:10BC700000E1963ED5A174BF17A1973E228474BF00
:10BC80001661983E496674BFFE20993E4B4874BFCA
:10BC9000CEE0993E272A74BF86A09A3EDD0B74BF82
:10BCA00027609B3E6EED73BFAF1F9C3ED9CE73BF26
:10BCB00020DF9C3E1FB073BF789E9D3E3F9173BFB7
:10BCC000B85D9E3E397273BFDF1C9F3E0E5373BF3B
:10BCD000EEDB9F3EBE3373BFE59AA03E471473BFB1
:10BCE000C259A13EACF472BF8718A23EEBD472BF1A
:10BCF00033D7A23E04B572BFC595A33EF89472BF78
:10BD00003F54A43EC77472BF9F12A53E705472BFC9
:10BD1000E5D0A53EF43372BF128FA63E521372BF18
:10BD2000254DA73E8CF271BF1F0BA83E9FD171BF5E
:10BD3000FEC8A83E8EB071BFC486A93E578F71BFA2
:10BD40006F44AA3EFB6D71BF0102AB3E7A4C71BFDE
:10BD500077BFAB3ED42A71BFD47CAC3E080971BF1B
:10BD6000153AAD3E17E770BF3CF7AD3E02C570BF58
:10BD700049B4AE3EC6A270BF3A71AF3E668070BF96
:10BD8000102EB03EE15D70BFCBEAB03E373B70BFD6
:10BD90006BA7B13E671870BFEF63B23E73F56FBF1C
:10BDA0005820B33E5AD26FBFA5DCB33E1BAF6FBF66
:10BDB000D698B43EB88B6FBFEC54B53E30686FBFB9
:10BDC000E610B63E83446FBFC3CCB63EB0206FBF13
:10BDD0008488B73EBAFC6EBF2A44B83E9ED86EBF78
:10BDE000B2FFB83E5DB46EBF1EBBB93EF88F6EBFEA
:10BDF0006E76BA3E6D6B6EBFA031BB3EBE466EBF67
:10BE0000B6ECBB3EEB216EBFAFA7BC3EF2FC6DBFF4
:10BE10008B62BD3ED5D76DBF4A1DBE3E93B26DBF8E
:10BE2000EBD7BE3E2D8D6DBF6F92BF3EA1676DBF3C
:10BE3000D54CC03EF2416DBF1E07C13E1D1C6DBFFB
:10BE400048C1C13E24F66CBF557BC23E07D06CBFD3
:10BE50004435C33EC5A96CBF15EFC33E5E836CBFBE
:10BE6000C8A8C43ED45C6CBF5C62C53E24366CBFBF
:10BE7000D21BC63E500F6CBF29D5C63E58E86BBFDB
:10BE8000628EC73E3BC16BBF7C47C83EFB996BBF10
:10BE90007700C93E95726BBF53B9C93E0C4B6BBF5F
:10BEA0001072CA3E5E236BBFAE2ACB3E8CFB6ABFCC
:10BEB0002CE3CB3E95D36ABF8B9BCC3E7BAB6ABF5A
:10BEC000CA53CD3E3C836ABFEA0BCE3ED95A6ABF05
:10BED000EAC3CE3E52326ABFCA7BCF3EA7096ABFD1
:10BEE0008A33D03ED7E069BF2AEBD03EE4B769BFC2
:10BEF000AAA2D13ECC8E69BF095AD23E916569BFD4
:10BF00004811D33E323C69BF67C8D33EAE1269BF09
:10BF1000647FD43E07E968BF4136D53E3CBF68BF69
:10BF2000FDECD53E4C9568BF99A3D63E396B68BFF2
:10BF3000135AD73E034168BF6B10D83EA81668BF9E
:10BF4000A3C6D83E2AEC67BFB97CD93E87C167BF7C
:10BF5000AD32DA3EC19667BF80E8DA3ED86B67BF84
:10BF6000319EDB3ECA4067BFC153DC3E991567BFB7
:10BF70002E09DD3E45EA66BF79BEDD3ECCBE66BF1A
:10BF8000A273DE3E309366BFA928DF3E716766BFAD
:10BF90008DDDDF3E8E3B66BF4F92E03E880F66BF71
:10BFA000EE46E13E5EE365BF6AFBE13E10B765BF6A
:10BFB000C4AFE23EA08A65BFFA63E33E0B5E65BF95
:10BFC0000E18E43E543165BFFECBE43E790465BFF4
:10BFD000CB7FE53E7BD764BF7533E63E59AA64BF8D
:10BFE000FBE6E63E147D64BF5D9AE73EAC4F64BF5E
:10BFF0009C4DE83E212264BFB700E93E73F463BF65
:10C00000AEB3E93EA1C663BF8166EA3EAC9863BFAA
:10C010003019EB3E956A63BFBBCBEB3E5A3C63BF26
:10C02000217EEC3EFC0D63BF6330ED3E7BDF62BFE3
:10C0300080E2ED3ED7B062BF7994EE3E108262BFDF
:10C040004C46EF3E265362BFFBF7EF3E1A2462BF19
:10C0500085A9F03EEAF461BFEA5AF13E98C561BF96
:10C06000290CF23E229661BF43BDF23E8A6661BF53
:10C07000386EF33ED03661BF071FF43EF20661BF53
:10C08000B1CFF43EF2D660BF3580F53ECFA660BF9B
:10C090009330F63E897660BFCBE0F63E214660BF26
:10C0A000DC90F73E961560BFC840F83EE9E45FBFFC
:10C0B0008EF0F83E19B45FBF2DA0F93E27835FBF15
:10C0C000A54FFA3E12525FBFF7FEFA3EDB205FBF7C
:10C0D00022AEFB3E81EF5EBF275DFC3E05BE5EBF2C
:10C0E000040CFD3E678C5EBFBBBAFD3EA65A5EBF28
:10C0F0004A69FE3EC3285EBFB217FF3EBEF65DBF73
:10C10000F3C5FF3E97C45DBF063A003F4D925DBF49
:10C11000FF90003FE15F5DBFE4E7003F532D5DBF4F
:10C12000B53E013FA3FA5CBF7395013FD1C75CBF29
:10C130001CEC013FDD945CBFB142023FC7615CBFB4
:10C140003299023F8E2E5CBF9FEF023F34FB5BBFF4
:10C15000F845033FB8C75BBF3D9C033F1A945BBFE4
:10C160006DF2033F5A605BBF8948043F792C5BBF87
:10C17000919E043F75F85ABF84F4043F50C45ABFDF
:10C18000624A053F09905ABF2CA0053FA05B5ABFE9
:10C19000E2F5053F16275ABF824B063F6AF259BFA8
:10C1A0000EA1063F9CBD59BF86F6063FAD8859BF1C
:10C1B000E84B073F9C5359BF36A1073F6A1E59BF42
:10C1C0006FF6073F17E958BF924B083FA1B358BF1E
:10C1D000A1A0083F0B7E58BF9BF5083F534858BFAE
:10C1E0007F4A093F791258BF4E9F093F7FDC57BFF6
:10C1F00009F4093F63A657BFAD480A3F267057BFF1
:10C200003D9D0A3FC73957BFB7F10A3F480357BFA3
:10C210001C460B3FA7CC56BF6B9A0B3FE59556BF0C
:10C22000A5EE0B3F025F56BFC9420C3FFE2756BF2B
:10C23000D7960C3FD9F055BFD0EA0C3F93B955BF04
:10C24000B33E0D3F2C8255BF81920D3FA44A55BF8E
:10C2500038E60D3FFB1255BFDA390E3F31DB54BFD4
:10C26000658D0E3F47A354BFDBE00E3F3B6B54BFD1
:10C270003B340F3F0F3354BF84870F3FC3FA53BF84
:10C28000B8DA0F3F55C253BFD52D103FC78953BFF2
:10C29000DC80103F185153BFCDD3103F491853BF16
:10C2A000A726113F59DF52BF6B79113F49A652BFF4
:10C2B00019CC113F186D52BFB01E123FC63352BF8A
:10C2C0003071123F54FA51BF9AC3123FC2C051BFDE
:10C2D000EE15133F108751BF2A68133F3D4D51BFE4
:10C2E00050BA133F4A1351BF5F0C143F37D950BFA8
:10C2F000585E143F039F50BF39B0143FAF6450BF26
:10C300000402153F3B2A50BFB753153FA8EF4FBF5C
:10C3100054A5153FF4B44FBFD9F6153F1F7A4FBF50
:10C320004748163F2B3F4FBF9F99163F17044FBFFB
:10C33000DFEA163FE4C84EBF073C173F908D4EBF63
:10C34000188D173F1C524EBF12DE173F89164EBF85
:10C35000F52E183FD5DA4DBFC07F183F029F4DBF65
:10C3600073D0183F10634DBF0F21193FFD264DBFFD
:10C370009471193FCBEA4CBF00C2193F79AE4CBF54
:10C3800055121A3F08724CBF93621A3F78354CBF62
:10C39000B8B21A3FC7F84BBFC6021B3FF8BB4BBF32
:10C3A000BB521B3F097F4BBF99A21B3FFA414BBFBA
:10C3B0005FF21B3FCC044BBF0C421C3F7FC74ABF00
:10C3C000A2911C3F138A4ABF1FE11C3F874C4ABF02
:10C3D00084301D3FDC0E4ABFD17F1D3F12D149BFC3
:10C3E00006CF1D3F299349BF221E1E3F215549BF3D
:10C3F000266D1E3FFA1649BF12BC1E3FB3D848BF78
:10C40000E50A1F3F4E9A48BF9F591F3FCA5B48BF6E
:10C4100041A81F3F271D48BFCBF61F3F65DE47BF22
:10C420003B45203F849F47BF9393203F856047BF94
:10C43000D2E1203F672147BFF92F213F2AE246BFC3
:10C44000067E213FCEA246BFFBCB213F546346BFB1
:10C45000D719223FBB2346BF9967223F03E445BF5C
:10C4600043B5223F2DA445BFD302233F396445BFC6
:10C470004B50233F262445BFA99D233FF5E344BFEE
:10C48000EEEA233FA5A344BF1A38243F376344BFD5
:10C490002C85243FAB2244BF25D2243F00E243BF7A
:10C4A000041F253F38A143BFCB6B253F516043BFDD
:10C4B00077B8253F4C1F43BF0A05263F29DE42BF00
:10C4C0008451263FE89C42BFE39D263F895B42BFE3
:10C4D0002AEA263F0B1A42BF5636273F70D841BF83
:10C4E0006882273FB79641BF61CE273FE15441BFE5
:10C4F000401A283FEC1241BF0566283FDAD040BF02
:10C50000B0B1283FA98E40BF41FD283F5C4C40BFE1
:10C51000B848293FF00940BF1594293F67C73FBF7E
:10C5200057DF293FC0843FBF802A2A3FFC413FBFDD
:10C530008E752A3F1BFF3EBF82C02A3F1BBC3EBFF9
:10C540005B0B2B3FFF783EBF1B562B3FC5353EBFD5
:10C55000BFA02B3F6EF23DBF4AEB2B3FF9AE3DBF74
:10C56000B9352C3F676B3DBF0F802C3FB8273DBFCF
:10C5700049CA2C3FECE33CBF69142D3F03A03CBFEC
:10C580006F5E2D3FFC5B3CBF59A82D3FD9173CBFC8
:10C5900029F22D3F98D33BBFDE3B2E3F3B8F3BBF65
:10C5A00078852E3FC14A3BBFF7CE2E3F29063BBFC1
:10C5B0005B182F3F75C13ABFA5612F3FA47C3ABFDE
:10C5C000D3AA2F3FB7373ABFE6F32F3FACF239BFBC
:10C5D000DE3C303F85AD39BFBB85303F426839BF57
:10C5E0007CCE303FE12239BF2217313F65DD38BFB5
:10C5F000AD5F313FCB9738BF1DA8313F165238BFD2
:10C6000071F0313F430C38BFAA38323F55C637BFAF
:10C61000C780323F4A8037BFC9C8323F233A37BF4D
:10C62000AF10333FDFF336BF7A58333F7FAD36BFAD
:10C6300029A0333F046736BFBCE7333F6C2036BFC9
:10C64000342F343FB8D935BF8F76343FE79235BFAA
:10C65000CFBD343FFB4B35BFF304353FF30435BF4B
:10C66000FB4B353FCFBD34BFE792353F8F7634BFAC
:10C67000B8D9353F342F34BF6C20363FBCE733BFC9
:10C680000467363F29A033BF7FAD363F7A5833BFAA
:10C69000DFF3363FAF1033BF233A373FC9C832BF4D
:10C6A0004A80373FC78032BF55C6373FAA3832BFAE
:10C6B000430C383F71F031BF1652383F1DA831BFCF
:10C6C000CB97383FAD5F31BF65DD383F221731BFB3
:10C6D000E122393F7CCE30BF4268393FBB8530BF55
:10C6E00085AD393FDE3C30BFACF2393FE6F32FBFBA
:10C6F000B7373A3FD3AA2FBFA47C3A3FA5612FBFDB
:10C7000075C13A3F5B182FBF29063B3FF7CE2EBFBE
:10C71000C14A3B3F78852EBF3B8F3B3FDE3B2EBF60
:10C7200098D33B3F29F22DBFD9173C3F59A82DBFC5
:10C73000FC5B3C3F6F5E2DBF03A03C3F69142DBFE7
:10C74000ECE33C3F49CA2CBFB8273D3F0F802CBFCC
:10C75000676B3D3FB9352CBFF9AE3D3F4AEB2BBF70
:10C760006EF23D3FBFA02BBFC5353E3F1B562BBFD2
:10C77000FF783E3F5B0B2BBF1BBC3E3F82C02ABFF6
:10C780001BFF3E3F8E752ABFFC413F3F802A2ABFD8
:10C79000C0843F3F57DF29BF67C73F3F159429BF7C
:10C7A000F009403FB84829BF5C4C403F41FD28BFDD
:10C7B000A98E403FB0B128BFDAD0403F056628BF00
:10C7C000EC12413F401A28BFE154413F61CE27BFE0
:10C7D000B796413F688227BF70D8413F563627BF82
:10C7E0000B1A423F2AEA26BF895B423FE39D26BFE0
:10C7F000E89C423F845126BF29DE423F0A0526BFFE
:10C800004C1F433F77B825BF5160433FCB6B25BFDB
:10C8100038A1433F041F25BF00E2433F25D224BF78
:10C82000AB22443F2C8524BF3763443F1A3824BFD2
:10C83000A5A3443FEEEA23BFF5E3443FA99D23BFF0
:10C840002624453F4B5023BF3964453FD30223BFC5
:10C850002DA4453F43B522BF03E4453F996722BF5E
:10C86000BB23463FD71922BF5463463FFBCB21BFB2
:10C87000CEA2463F067E21BF2AE2463FF92F21BFC6
:10C880006721473FD2E120BF8560473F939320BF98
:10C89000849F473F3B4520BF65DE473FCBF61FBF28
:10C8A000271D483F41A81FBFCA5B483F9F591FBF74
:10C8B0004E9A483FE50A1FBFB3D8483F12BC1EBF7F
:10C8C000FA16493F266D1EBF2155493F221E1EBF45
:10C8D0002993493F06CF1DBF12D1493FD17F1DBFCC
:10C8E000DC0E4A3F84301DBF874C4A3F1FE11CBF0E
:10C8F000138A4A3FA2911CBF7FC74A3F0C421CBF0C
:10C90000CC044B3F5FF21BBFFA414B3F99A21BBFC8
:10C91000097F4B3FBB521BBFF8BB4B3FC6021BBF3F
:10C92000C7F84B3FB8B21ABF78354C3F93621ABF75
:10C9300008724C3F55121ABF79AE4C3F00C219BF66
:10C94000CBEA4C3F947119BFFD264D3F0F2119BF13
:10C9500010634D3F73D018BF029F4D3FC07F18BF7B
:10C96000D5DA4D3FF52E18BF89164E3F12DE17BFA0
:10C970001C524E3F188D17BF908D4E3F073C17BF7E
:10C98000E4C84E3FDFEA16BF17044F3F9F9916BF1A
:10C990002B3F4F3F474816BF1F7A4F3FD9F615BF71
:10C9A000F4B44F3F54A515BFA8EF4F3FB75315BF81
:10C9B0003B2A503F040215BFAF64503F39B014BF4B
:10C9C000039F503F585E14BF37D9503F5F0C14BFD0
:10C9D0004A13513F50BA13BF3D4D513F2A6813BF10
:10C9E0001087513FEE1513BFC2C0513F9AC312BF0B
:10C9F00054FA513F307112BFC633523FB01E12BFBE
:10CA0000186D523F19CC11BF49A6523F6B7911BF27
:10CA100059DF523FA72611BF4918533FCDD310BF4E
:10CA20001851533FDC8010BFC789533FD52D10BF2D
:10CA300055C2533FB8DA0FBFC3FA533F84870FBFC5
:10CA40000F33543F3B340FBF3B6B543FDBE00EBF13
:10CA500047A3543F658D0EBF31DB543FDA390EBF1B
:10CA6000FB12553F38E60DBFA44A553F81920DBFDA
:10CA70002C82553FB33E0DBF93B9553FD0EA0CBF52
:10CA8000D9F0553FD7960CBFFE27563FC9420CBF81
:10CA9000025F563FA5EE0BBFE595563F6B9A0BBF65
:10CAA000A7CC563F1C460BBF4803573FB7F10ABF00
:10CAB000C739573F3D9D0ABF2670573FAD480ABF53
:10CAC00063A6573F09F409BF7FDC573F4E9F09BF5C
:10CAD0007912583F7F4A09BF5348583F9BF508BF1A
:10CAE0000B7E583FA1A008BFA1B3583F924B08BF8F
:10CAF00017E9583F6FF607BF6A1E593F36A107BFB7
:10CB00009C53593FE84B07BFAD88593F86F606BF97
:10CB10009CBD593F0EA106BF6AF2593F824B06BF2A
:10CB200016275A3FE2F505BFA05B5A3F2CA005BF70
:10CB300009905A3F624A05BF50C45A3F84F404BF6B
:10CB400075F85A3F919E04BF792C5B3F894804BF1A
:10CB50005A605B3F6DF203BF1A945B3F3D9C03BF7D
:10CB6000B8C75B3FF84503BF34FB5B3F9FEF02BF95
:10CB70008E2E5C3F329902BFC7615C3FB14202BF5B
:10CB8000DD945C3F1CEC01BFD1C75C3F739501BFD6
:10CB9000A3FA5C3FB53E01BF532D5D3FE4E700BF04
:10CBA000E15F5D3FFF9000BF4D925D3F063A00BFE1
:10CBB00097C45D3FF3C5FFBEBEF65D3FB217FFBE33
:10CBC000C3285E3F4A69FEBEA65A5E3FBBBAFDBEA1
:10CBD000678C5E3F040CFDBE05BE5E3F275DFCBE5C
:10CBE00081EF5E3F22AEFBBEDB205F3FF7FEFABE69
:10CBF00012525F3FA54FFABE27835F3F2DA0F9BEBB
:10CC000019B45F3F8EF0F8BEE9E45F3FC840F8BE5C
:10CC10009615603FDC90F7BE2146603FCBE0F6BE44
:10CC20008976603F9330F6BECFA6603F3580F5BE73
:10CC3000F2D6603FB1CFF4BEF206613F071FF4BEEB
:10CC4000D036613F386EF3BE8A66613F43BDF2BEA7
:10CC50002296613F290CF2BE98C5613FEA5AF1BEA7
:10CC6000EAF4613F85A9F0BE1A24623FFBF7EFBEEC
:10CC70002653623F4C46EFBE1082623F7994EEBE6F
:10CC8000D7B0623F80E2EDBE7BDF623F6330EDBE36
:10CC9000FC0D633F217EECBE5A3C633FBBCBEBBE39
:10CCA000956A633F3019EBBEAC98633F8166EABE7C
:10CCB000A1C6633FAEB3E9BE73F4633FB700E9BEFC
:10CCC0002122643F9C4DE8BEAC4F643F5D9AE7BEB5
:10CCD000147D643FFBE6E6BE59AA643F7533E6BEA9
:10CCE0007BD7643FCB7FE5BE7904653FFECBE4BED6
:10CCF0005431653F0E18E4BE0B5E653FFA63E3BE38
:10CD0000A08A653FC4AFE2BE10B7653F6AFBE1BED3
:10CD10005EE3653FEE46E1BE880F663F4F92E0BEA0
:10CD20008E3B663F8DDDDFBE7167663FA928DFBEA3
:10CD30003093663FA273DEBECCBE663F79BEDDBED9
:10CD400045EA663F2E09DDBE9915673FC153DCBE3B
:10CD5000CA40673F319EDBBED86B673F80E8DABED2
:10CD6000C196673FAD32DABE87C1673FB97CD9BE95
:10CD70002AEC673FA3C6D8BEA816683F6B10D8BE82
:10CD80000341683F135AD7BE396B683F99A3D6BE9B
:10CD90004C95683FFDECD5BE3CBF683F4136D5BEE3
:10CDA00007E9683F647FD4BEAE12693F67C8D3BE4F
:10CDB000323C693F4811D3BE9165693F095AD2BEE2
:10CDC000CC8E693FAAA2D1BEE4B7693F2AEBD0BEA0
:10CDD000D7E0693F8A33D0BEA7096A3FCA7BCFBE7E
:10CDE00052326A3FEAC3CEBED95A6A3FEA0BCEBE80
:10CDF0003C836A3FCA53CDBE7BAB6A3F8B9BCCBEA4
:10CE000095D36A3F2CE3CBBE8CFB6A3FAE2ACBBEE8
:10CE10005E236B3F1072CABE0C4B6B3F53B9C9BE49
:10CE200095726B3F7700C9BEFB996B3F7C47C8BECC
:10CE30003BC16B3F628EC7BE58E86B3F29D5C6BE6B
:10CE4000500F6C3FD21BC6BE24366C3F5C62C5BE21
:10CE5000D45C6C3FC8A8C4BE5E836C3F15EFC3BEF4
:10CE6000C5A96C3F4435C3BE07D06C3F557BC2BEDD
:10CE700024F66C3F48C1C1BE1D1C6D3F1E07C1BEDC
:10CE8000F2416D3FD54CC0BEA1676D3F6F92BFBEF2
:10CE90002D8D6D3FEBD7BEBE93B26D3F4A1DBEBE1A
:10CEA000D5D76D3F8B62BDBEF2FC6D3FAFA7BCBE58
:10CEB000EB216E3FB6ECBBBEBE466E3FA031BBBEA3
:10CEC0006D6B6E3F6E76BABEF88F6E3F1EBBB9BEFD
:10CED0005DB46E3FB2FFB8BE9ED86E3F2A44B8BE66
:10CEE000BAFC6E3F8488B7BEB0206F3FC3CCB6BEDD
:10CEF00083446F3FE610B6BE30686F3FEC54B5BE5A
:10CF0000B88B6F3FD698B4BE1BAF6F3FA5DCB3BEE6
:10CF10005AD26F3F5820B3BE73F56F3FEF63B2BE76
:10CF20006718703F6BA7B1BE373B703FCBEAB0BE0E
:10CF3000E15D703F102EB0BE6680703F3A71AFBEAB
:10CF4000C6A2703F49B4AEBE02C5703F3CF7ADBE4D
:10CF500017E7703F153AADBE0809713FD47CACBEEF
:10CF6000D42A713F77BFABBE7A4C713F0102ABBE92
:10CF7000FB6D713F6F44AABE578F713FC486A9BE37
:10CF80008EB0713FFEC8A8BE9FD1713F1F0BA8BED7
:10CF90008CF2713F254DA7BE5213723F128FA6BE71
:10CFA000F433723FE5D0A5BE7054723F9F12A5BE08
:10CFB000C774723F3F54A4BEF894723FC595A3BE98
:10CFC00004B5723F33D7A2BEEBD4723F8718A2BE1E
:10CFD000ACF4723FC259A1BE4714733FE59AA0BE9C
:10CFE000BE33733FEEDB9FBE0E53733FDF1C9FBE0D
:10CFF0003972733FB85D9EBE3F91733F789E9DBE70
:10D000001FB0733F20DF9CBED9CE733FAF1F9CBEC5
:10D010006EED733F27609BBEDD0B743F86A09ABE0A
:10D02000272A743FCEE099BE4B48743FFE2099BE3C
:10D030004966743F166198BE2284743F17A197BE5B
:10D04000D5A1743F00E196BE62BF743FD22096BE68
:10D05000C9DC743F8D6095BE0BFA743F31A094BE5D
:10D060002717753FBFDF93BE1D34753F351F93BE35
:10D07000ED50753F945E92BE976D753FDD9D91BEFC
:10D080001C8A753F10DD90BE7BA6753F2C1C90BEA0
:10D09000B3C2753F325B8FBEC6DE753F229A8EBE2D
:10D0A000B3FA753FFCD88DBE7A16763FC0178DBE99
:10D0B0001B32763F6E568CBE974D763F07958BBEE2
:10D0C000EC68763F8AD38ABE1B84763FF8118ABE0D
:10D0D000249F763F505089BE07BA763F938E88BE14
:10D0E000C4D4763FC1CC87BE5BEF763FDA0A87BEF9
:10D0F000CC09773FDF4886BE1724773FCE8685BEB2
:10D100003C3E773FAAC484BE3A58773F700284BE43
:10D110001372773F224083BEC58B773FC07D82BEAE
:10D1200051A5773F4ABB81BEB7BE773FC0F880BEEE
:10D13000F7D7773F223680BE10F1773FE1E67EBE1B
:10D14000040A783F56617DBED122783FA4DB7BBEC6
:10D15000773B783FCB557ABEF853783FCCCF78BE3B
:10D16000526C783FA64977BE8684783F5AC375BE15
:10D17000939C783FE83C74BE7BB4783F51B672BE56
:10D180003BCC783F942F71BED6E3783FB2A86FBEF8
:10D190004AFB783FAB216EBE9812793F7F9A6CBEF6
:10D1A000BF29793F2F136BBEC040793FBA8B69BE50
:10D1B0009A57793F220468BE4E6E793F667C66BE00
:10D1C000DC84793F86F464BE439B793F836C63BE05
:10D1D00083B1793F5CE461BE9DC7793F135C60BE5B
:10D1E00091DD793FA8D35EBE5EF3793F1A4B5DBEF9
:10D1F00004097A3F6AC25BBE841E7A3F97395ABEE1
:10D20000DD337A3FA4B058BE10497A3F8F2757BE0E
:10D210001C5E7A3F589E55BE02737A3F011554BE7C
:10D22000C1877A3F898B52BE599C7A3FF10151BE2A
:10D23000CBB07A3F38784FBE16C57A3F60EE4DBE10
:10D240003AD97A3F67644CBE37ED7A3F4FDA4ABE2F
:10D250000E017B3F185049BEBE147B3FC2C547BE7E
:10D2600048287B3F4D3B46BEAB3B7B3FB9B044BEFD
:10D27000E74E7B3F072643BEFC617B3F379B41BEA9
:10D28000EA747B3F491040BEB2877B3F3E853EBE7D
:10D29000539A7B3F15FA3CBECDAC7B3FCF6E3BBE75
:10D2A00020BF7B3F6CE339BE4DD17B3FEC5738BE8E
:10D2B00053E37B3F50CC36BE31F57B3F984035BEC3
:10D2C000E9067C3FC4B433BE7A187C3FD42832BE12
:10D2D000E5297C3FC99C30BE283B7C3FA2102FBE75
:10D2E000444C7C3F61842DBE3A5D7C3F04F82BBEEC
:10D2F000086E7C3F8D6B2ABEB07E7C3FFCDE28BE74
:10D30000318F7C3F515227BE8A9F7C3F8CC525BE02
:10D31000BDAF7C3FAD3824BEC9BF7C3FB6AB22BE9B
:10D32000AECF7C3FA51E21BE6CDF7C3F7B911FBE34
:10D3300003EF7C3F38041EBE73FE7C3FDE761CBECE
:10D34000BC0D7D3F6BE91ABEDD1C7D3FE05B19BE65
:10D35000D82B7D3F3DCE17BEAC3A7D3F834016BEF5
:10D3600059497D3FB2B214BEDE577D3FCA2413BE79
:10D370003D667D3FCC9611BE74747D3FB70810BEEC
:10D3800085827D3F8B7A0EBE6E907D3F4AEC0CBE4F
:10D39000309E7D3FF35D0BBECCAB7D3F86CF09BE9B
:10D3A00040B97D3F054108BE8CC67D3F6EB206BECA
:10D3B000B2D37D3FC22305BEB1E07D3F029503BEDF
:10D3C00088ED7D3F2E0602BE38FA7D3F457700BED0
:10D3D000C2067E3F92D0FDBD24137E3F73B2FABDDC
:10D3E0005E1F7E3F2C94F7BD722B7E3FC075F4BD4F
:10D3F0005E377E3F2E57F1BD23437E3F7638EEBD2C
:10D40000C14E7E3F9A19EBBD385A7E3F9AFAE7BD6E
:10D4100088657E3F76DBE4BDB0707E3F2EBCE1BD0B
:10D42000B17B7E3FC49CDEBD8B867E3F377DDBBDFE
:10D430003D917E3F895DD8BDC99B7E3FB93DD5BD3D
:10D440002DA67E3FC81DD2BD69B07E3FB7FDCEBDC3
:10D450007FBA7E3F86DDCBBD6DC47E3F36BDC8BD85
:10D4600034CE7E3FC69CC5BDD4D77E3F397CC2BD7D
:10D470004CE17E3F8D5BBFBD9DEA7E3FC33ABCBDA4
:10D48000C7F37E3FDD19B9BDC9FC7E3FDAF8B5BDF3
:10D49000A4057F3FBBD7B2BD580E7F3F80B6AFBD5E
:10D4A000E4167F3F2B95ACBD491F7F3FBA73A9BDE2
:10D4B00087277F3F3052A6BD9D2F7F3F8C30A3BD75
:10D4C0008D377F3FCF0EA0BD543F7F3FF9EC9CBD11
:10D4D000F4467F3F0ACB99BD6D4E7F3F05A996BDAF
:10D4E000BF557F3FE78693BDE95C7F3FB46490BD45
:10D4F000EC637F3F6A428DBDC76A7F3F0A208ABDC9
:10D500007B717F3F94FD86BD08787F3F0ADB83BD3A
:10D510006D7E7F3F6CB880BDAB847F3F742B7BBD3D
:10D52000C28A7F3FE9E574BDB1907F3F38A06EBDF0
:10D5300078967F3F625A68BD189C7F3F681462BD31
:10D5400091A17F3F4CCE5BBDE3A67F3F0E8855BDCA
:10D550000DAC7F3FAF414FBD0FB17F3F2FFB48BDAB
:10D56000EAB57F3F91B442BD9EBA7F3FD56D3CBDC9
:10D570002ABF7F3FFC2636BD8FC37F3F07E02FBD0C
:10D58000CCC77F3FF69829BDE2CB7F3FCC5123BD6E
:10D59000D1CF7F3F880A1DBD98D37F3F2CC316BDD6
:10D5A00037D77F3FB87B10BDAFDA7F3F2F340ABD3E
:10D5B00000DE7F3F90EC03BD29E17F3FB949FBBC12
:10D5C0002BE47F3F2DBAEEBC05E77F3F7B2AE2BC10
:10D5D000B8E97F3FA69AD5BC43EC7F3FB00AC9BCEF
:10D5E000A7EE7F3F9B7ABCBCE3F07F3F69EAAFBC0C
:10D5F000F8F27F3F1C5AA3BCE6F47F3FB6C996BC45
:10D60000ACF67F3F38398ABC4AF87F3F4B517BBC30
:10D61000C1F97F3F003062BC11FB7F3F900E49BCD7
:10D6200039FC7F3F02ED2FBC39FD7F3F59CB16BC43
:10D6300013FE7F3F3053FBBBC4FE7F3F890FC9BB46
:10D640004EFF7F3FC1CB96BBB1FF7F3FC70F49BBAA
:10D65000ECFF7F3FD40FC9BA04FA97999999D93F43
:10D66000AF788E1DC571CC3F9FC678D0099AC33F55
:10D67000935555555555E53F599322942449D23F2A
:10D68000DE03CB966446C73F44523EDF12F1C23FF1
:10D69000000000000000000002400000000000A0A8
:10D6A0000000000005400000000000C8000000006D
:10D6B0000C4000000000409C0000000019400000E9
:10D6C0000020BCBE0000000034400000BFC91B8E1B
:10D6D00000000004B5400000504BCFD06607E2CFF9
:10D6E000010000006C4100003E8251AADFEEA73429
:10D6F00001000000D9420000DCB5A0E23A301F97DB
:10D70000FFFFFFFFB4450000FD25A0C8E9A3C14FFE
:10D71000FFFFFFFFFF3F000000000080000000004F
:10D72000FF3F0000000000800000000068D70008F4
:10D73000000002205800000034020008C0D7000892
:10D740005800022038E90000500200081C000000C8
:10D7500043000000F8FFFFFF0C0000000E00000077
:10D760000F0000002E00000000000000C8006C0048
:10D77000000020410000803FCDCCCC3D00000000E7
:10D780000000000000000000000000000000000099
:10D790000000000000000000000000000024F40071
:10D7A0000000000000000000000000000000000079
:10D7B000080C04060203010901030206040C08898F
:04000005080001F9F5
:00000001FF
